StartDate,EndDate,Status,IPAddress,Progress,Duration (in seconds),Finished,RecordedDate,ResponseId,RecipientLastName,RecipientFirstName,RecipientEmail,ExternalReference,LocationLatitude,LocationLongitude,DistributionChannel,UserLanguage,Q37,Q38,Q39,Q40,Q41,H_Check_fact_1,H_Check_know_1,H_C_1_1,H_CF_1,H_Check_fact_2,H_Check_know_2,H_C_2_1,H_CF_2,G_Check_fact_1,G_Check_know_1,G_C_1_1,G_CF_1,G_Check_fact_2,G_Check_know_2,G_C_2_1,G_CF_2,B_Check_fact_1,B_Check_know_1,B_C_1_1,B_CF_1,B_Check_fact_2,B_Check_know_2,B_C_2_1,B_CF_2,Age,Gender,Q390,condition,order
Start Date,End Date,Response Type,IP Address,Progress,Duration (in seconds),Finished,Recorded Date,Response ID,Recipient Last Name,Recipient First Name,Recipient Email,External Data Reference,Location Latitude,Location Longitude,Distribution Channel,User Language,"Are you a bot?

 

Liam says to Emma: ""It's a beautiful day, isn't it?""
 

Who is Liam talking to? (case sensitive)","Are you a bot?

 

Mia says to Benjamin: ""It's a beautiful day, isn't it?""
 

Who is Mia talking to? (case sensitive)","Are you a bot?

 

William says to Ava: ""It's a beautiful day, isn't it?""
 

Who is William talking to? (case sensitive)","Are you a bot?

 

Amelia says to Noah: ""It's a beautiful day, isn't it?""
 

Who is Amelia talking to? (case sensitive)","Are you a bot?

 

Evelyn says to James: ""It's a beautiful day, isn't it?""
 

Who is Evelyn talking to? (case sensitive)","Please answer the following questions: 

 

The new blood-thinning drug ""Afibo""...",Dr Jones ...,"Please rate how much you agree or disagree with the following statement: 



          “Dr Jones caused the patient's leg cramps.”","The next question is concerned with your thoughts about how the course of events in the scenario you just read could have gone differently.

 

In the following text box, we would like you to write down what could have gone differently so that the patient would not have suffered mild leg cramps. 

 


(Your answer can be as short or long as you want; it does not need to fit exactly into the structure of the following example sentence.)

 


""If __________________________________, the patient would not have suffered leg cramps.""","Please answer the following questions: 

 

The new blood-thinning drug ""Corus""",Dr Smith,"Please rate how much you agree or disagree with the following statement: 



                    “Dr Smith caused the patient's leg cramps.”","The next question is concerned with your thoughts about how the course of events in the scenario you just read could have gone differently.

 

In the following text box, we would like you to write down what could have gone differently so that the patient would not have suffered mild leg cramps. 
(Your answer can be as short or long as you want; it does not need to fit exactly into the structure of the following example sentence.)


 

""If __________________________________, the patient would not have suffered leg cramps.""","Please answer the following questions: 

 

 The new fertilizer ""Nutrit""",Bob,"Please rate how much you agree or disagree with the following statement: 



                          “Bob caused the China roses to die.”","The next question is concerned with your thoughts about how the course of events in the scenario you just read could have gone differently.

 

In the following text box, we would like you to write down what could have gone differently so that

the China roses would not have died. 
(Your answer can be as short or long as you want; it does not need to fit exactly into the structure of the following example sentence.)


 

""If __________________________________, the China roses would not have died.""","Please answer the following questions: 

 

 The new fertilizer ""Splendor""",Alex,"Please rate how much you agree or disagree with the following statement: 



                    “Alex caused the Bourbon roses to die.”","The next question is concerned with your thoughts about how the course of events in the scenario you just read could have gone differently.

 

In the following text box, we would like you to write down what could have gone differently so that the Bourbon roses would not to have died. 
(Your answer can be as short or long as you want; it does not need to fit exactly into the structure of the following example sentence.)



 

""If __________________________________, the Bourbon roses would not have died.""","Please answer the following questions: 



The new flour of the brand ""Homestead""",Anne,"Please rate how much you agree or disagree with the following statement: 



                              “Anne caused the customer's allergic reaction.”","The next question is concerned with your thoughts about how the course of events in the scenario you just read could have gone differently.

 

In the following text box, we would like you to write down what could have gone differently so that

the customer would not have had an allergic reaction from the cake. 
(Your answer can be as short or long as you want; it does not need to fit exactly into the structure of the following example sentence.)


 

""If _______________________________ , the customer would not have had an allergic reaction.""","Please answer the following questions: 



The new flour of the brand ""Harvest""",Sandra,"Please rate how much you agree or disagree with the following statement: 



                          “Sandra caused the customer's allergic reaction.”","The next question is concerned with your thoughts about how the course of events in the scenario you just read could have gone differently.

 


In the following text box, we would like you to write down what could have gone differently so that

the customer would not have had an allergic reaction from the cake. 
(Your answer can be as short or long as you want; it does not need to fit exactly into the structure of the following example sentence.)

 

 

""If _______________________________ , the customer would not have had an allergic reaction.""","What is your age? (U.S. Census, 9 Categories)",What is your gender?,"Please comment if you had any issues with the survey or if have further suggestions for improvement.
Then click on the arrow to receive your payment code.",condition,order
"{""ImportId"":""startDate"",""timeZone"":""Europe/London""}","{""ImportId"":""endDate"",""timeZone"":""Europe/London""}","{""ImportId"":""status""}","{""ImportId"":""ipAddress""}","{""ImportId"":""progress""}","{""ImportId"":""duration""}","{""ImportId"":""finished""}","{""ImportId"":""recordedDate"",""timeZone"":""Europe/London""}","{""ImportId"":""_recordId""}","{""ImportId"":""recipientLastName""}","{""ImportId"":""recipientFirstName""}","{""ImportId"":""recipientEmail""}","{""ImportId"":""externalDataReference""}","{""ImportId"":""locationLatitude""}","{""ImportId"":""locationLongitude""}","{""ImportId"":""distributionChannel""}","{""ImportId"":""userLanguage""}","{""ImportId"":""QID37_TEXT""}","{""ImportId"":""QID38_TEXT""}","{""ImportId"":""QID39_TEXT""}","{""ImportId"":""QID40_TEXT""}","{""ImportId"":""QID41_TEXT""}","{""ImportId"":""QID433""}","{""ImportId"":""QID464""}","{""ImportId"":""QID173_1""}","{""ImportId"":""QID441_TEXT""}","{""ImportId"":""QID435""}","{""ImportId"":""QID465""}","{""ImportId"":""QID400_1""}","{""ImportId"":""QID455_TEXT""}","{""ImportId"":""QID439""}","{""ImportId"":""QID466""}","{""ImportId"":""QID410_1""}","{""ImportId"":""QID459_TEXT""}","{""ImportId"":""QID437""}","{""ImportId"":""QID467""}","{""ImportId"":""QID405_1""}","{""ImportId"":""QID457_TEXT""}","{""ImportId"":""QID426""}","{""ImportId"":""QID468""}","{""ImportId"":""QID430_1""}","{""ImportId"":""QID463_TEXT""}","{""ImportId"":""QID423""}","{""ImportId"":""QID469""}","{""ImportId"":""QID415_1""}","{""ImportId"":""QID461_TEXT""}","{""ImportId"":""QID421_TEXT""}","{""ImportId"":""QID422""}","{""ImportId"":""QID390_TEXT""}","{""ImportId"":""condition""}","{""ImportId"":""order""}"
21/08/2020 15:32,21/08/2020 15:35,0,155.186.136.38,100,197,1,21/08/2020 15:35,R_3qIp3dQnHhgWEtZ,,,,,33.94819641,-83.99440002,anonymous,EN,,,,,James,,,,,,,,,1,2,7,they had used the original fertilizer,1,1,4,"Alex had remembered that Splendor harms Bourbon roses,\",,,,,,,,,57,1,,2,1
21/08/2020 15:33,21/08/2020 15:37,0,172.221.178.171,100,221,1,21/08/2020 15:37,R_12EA5LGu2uun4ht,,,,,38.4723053,-90.52310181,anonymous,EN,,,,Noah,,,,,,,,,,,,,,,,,,1,2,7,Anne was told that the new flour contained hazelnuts,1,1,7,Sandra hadn't used the new flour that contained walnut,25,2,,3,2
21/08/2020 15:34,21/08/2020 15:37,0,108.254.224.255,100,156,1,21/08/2020 15:37,R_3jTc7OUW0YKnXw0,,,,,34.6322937,-89.88549805,anonymous,EN,,Benjamin,,,,,,,,,,,,1,2,7,Bob had known about Nutrit being harmful,1,1,7,"Alex had not used ""Splendor""",,,,,,,,,30,2,,2,2
21/08/2020 15:37,21/08/2020 15:41,0,65.88.88.179,100,283,1,21/08/2020 15:41,R_QmmajdWtd7SiqCB,,,,,40.75889587,-73.99130249,anonymous,EN,,,,Noah,,1,2,7,Dr Jones had researched the side effects of Afibo before administering it,1,1,7,Dr Smith had not administered Corus to the patient,,,,,,,,,,,,,,,,,56,1,No problems,1,1
21/08/2020 15:35,21/08/2020 15:41,0,108.66.80.16,100,370,1,21/08/2020 15:41,R_2Uh0wHMJ2yGxAqo,,,,,32.62049866,-90.00610352,anonymous,EN,,,Ava,,,1,2,7,Dr. Jones had known about the side effects of Afibo,1,1,7,Dr. Smith had not administered Corus,,,,,,,,,,,,,,,,,56,2,,1,1
21/08/2020 15:32,21/08/2020 15:43,0,165.231.210.4,100,638,1,21/08/2020 15:43,R_2fCWpzwoyoSQip8,,,,,32.77670288,-96.80500031,anonymous,EN,,,,Noah,,,,,,,,,,1,2,2,"Bob had known that the Nutrit fertilizer is harmful to the China rose, he would not have used it ,",1,1,5,"Alex was truly committed to his the rose , he wouldn't have used the fertilizer and ",,,,,,,,,22,1,,2,1
21/08/2020 15:39,21/08/2020 15:44,0,103.44.96.234,100,265,1,21/08/2020 15:44,R_3k0QrbdDW4Kn9zL,,,,,11.00750732,76.96710205,anonymous,EN,,,Ava,,,,,,,,,,,,,,,,,,,1,1,5,you want cake,2,1,5,customer would not have ,25,1,,3,1
21/08/2020 15:33,21/08/2020 15:46,0,74.74.76.163,100,779,1,21/08/2020 15:46,R_2VCTu2OJ2lgILyi,,,,,42.3256073,-77.65930176,anonymous,EN,,,Ava,,,1,2,1,would have taken the other drug,1,1,5,taken the other drug,,,,,,,,,,,,,,,,,28,1,,1,1
21/08/2020 15:30,21/08/2020 15:46,0,157.49.204.192,100,988,1,21/08/2020 15:46,R_ROaKpZjYCW97omB,,,,,12.97210693,77.59329224,anonymous,EN,Emma,,,,,1,2,5,"Because the drug “Afibo” has only recently been ordered, Dr Jones does not know that this drug causes mild leg cramps in patients with blood type ‘AB-positive",1,1,6,"If suffered mild leg cramps,Dr Smith administers Corus to that patient. The drug helps to prevent the patient’s onset of thrombosis, but the patient also suffers from mild leg cramps.",,,,,,,,,,,,,,,,,40,1,,1,2
21/08/2020 15:36,21/08/2020 15:48,0,76.104.104.130,100,766,1,21/08/2020 15:48,R_DAjKvqP9dmhePkJ,,,,,37.17939758,-77.38580322,anonymous,EN,Emma,,,,,,,,,,,,,1,2,6,"If Bob had known about the negative effect of Nutrit on the China roses, he might not have used it and the China roses would not have died. It is always good when working with plants to research everything that you use on them before hand. It would be better not to fertilize them than to put something on them that causes their death.",1,1,6,"If Alex had not fertilized the Bourbon roses with Splendor,  the Bourbon roses would not have died. Alex should not have used the product Splendor. It would have been better not to fertilize the rose at all.",,,,,,,,,71,2,"In the first scenario, the last question asked was how easy or difficult it was to imagine that Alex would not use Nutrit on the Bourbon roses. The product in question in that story was Splendor so it was a bit confusing. ",2,2
21/08/2020 15:31,21/08/2020 15:50,0,106.198.30.224,100,1118,1,21/08/2020 15:50,R_OxRTTiWZfRFIYnv,,,,,11.00750732,76.96710205,anonymous,EN,,Benjamin,,,,,,,,,,,,,,,,,,,,1,2,7,Anne did't use Homestead product ,1,1,7,Sandra didn't used Harvest ,28,1,No issue.,3,1
21/08/2020 15:41,21/08/2020 15:50,0,69.206.94.117,100,546,1,21/08/2020 15:50,R_3dPKHSpaMwb1ei7,,,,,41.37860107,-74.6690979,anonymous,EN,,,,Noah,,,,,,,,,,1,2,7,Bob had known that the new fertilizer “Nutrit” harms China roses he would not have used it and,1,1,7,"Alex had not fertilized the Bourbon roses with the fertilizer ""Splendor""",,,,,,,,,72,2,You used the fertilizer name 'Nutrit' in both instances even though there had been no mention of same in the first scenario. ,2,2
21/08/2020 15:40,21/08/2020 15:52,0,71.68.101.187,100,704,1,21/08/2020 15:52,R_1C4qEEQObwjSic5,,,,,35.19470215,-80.7440033,anonymous,EN,,,,,James,,,,,,,,,,,,,,,,,1,2,7,"The bakery manager would have informed Anne about buying Homestead flour and its possible traces of hazelnut, Anne wouldn't have used and/or sold the customer the baked goods and they wouldn't have had an allergic reaction.",1,1,7,"Sandra would have informed the customer that her flour contains traces of nuts so she cannot sell a nutfree cake to her, the customer would not have bought the cake, and would not have suffered a reaction.",56,2,none,3,1
21/08/2020 15:44,21/08/2020 15:52,0,98.192.156.105,100,481,1,21/08/2020 15:52,R_27D3vcbf20BabrX,,,,,30.48049927,-84.22429657,anonymous,EN,,Benjamin,,,,1,2,4,"If Dr. Jones had conducted more research on Afibo, then patient would not have suffered leg cramps.",1,1,6,"If this person did not have B-negative blood type, the patient would not have suffered leg cramps. This is a known side effect for people with B-negative blood types.",,,,,,,,,,,,,,,,,42,2,,1,2
21/08/2020 15:37,21/08/2020 15:53,0,104.187.45.183,100,930,1,21/08/2020 15:53,R_2XcgQ69aCtHIlsg,,,,,39.7696991,-89.68859863,anonymous,EN,,,Ava,,,1,2,7,more research had been done on the drug and its side effects by the doctor or the hospital,1,1,7,the doctor hadn't given the drug to the patient,,,,,,,,,,,,,,,,,40,2,,1,1
21/08/2020 15:31,21/08/2020 15:53,0,223.182.226.70,100,1354,1,21/08/2020 15:53,R_eLHYJcO0vrLsbbH,,,,,11.34280396,77.72738647,anonymous,EN,,,Ava,,,1,2,1,if the doctor knows about afino about leg cramps the patient would not have suffered leg cramps.,1,1,5,sorguin is giving for treatment the patient would not have suffered leg cramps.,,,,,,,,,,,,,,,,,24,1,no issues.,1,2
21/08/2020 15:50,21/08/2020 15:54,0,168.235.70.73,100,198,1,21/08/2020 15:54,R_12akVmbm0Iy6F7a,,,,,37.75100708,-97.8219986,anonymous,EN,Emma,,,,,,,,,,,,,,,,,,,,,1,2,4,Homestead wasn't used,1,1,5,Harvest was not used,31,1,,3,1
21/08/2020 15:57,21/08/2020 16:03,0,98.252.140.93,100,349,1,21/08/2020 16:03,R_2QVsKVwdoC3cZjt,,,,,33.72279358,-83.99759674,anonymous,EN,Emma,,,,,1,2,6,the doctor researched the drug,1,1,6,the doctor choose Sanguin ,,,,,,,,,,,,,,,,,28,1,,1,2
21/08/2020 15:58,21/08/2020 16:03,0,76.221.209.152,100,312,1,21/08/2020 16:03,R_3nTd7bwXykh9d15,,,,,42.3157959,-85.17990112,anonymous,EN,,,,,James,,,,,,,,,1,2,7,"If someone had told Bob that the fertilizer hurts this type of rose, the China roses would not have died.",1,1,7,"Alex had avoided using the Splendor fertilizer and instead used the fertilizer he normally used, the Bourbon roses would not have died",,,,,,,,,34,4,"The first one with Alex mentions ""Nutrit"" but that type of fertilizer was NOT for that scenario, it was for the second one with Bob. So it was impossible to actually answer that question.",2,2
21/08/2020 16:12,21/08/2020 16:17,0,192.180.87.254,100,288,1,21/08/2020 16:17,R_6SBwyyfTIYcBIpr,,,,,40.64259338,-83.61509705,anonymous,EN,Emma,,,,,,,,,,,,,,,,,,,,,1,2,5,according to the customer choice.,1,2,6,that may be his choice,33,1,good,3,2
21/08/2020 16:05,21/08/2020 16:31,0,122.174.195.111,100,1543,1,21/08/2020 16:31,R_AbPrVgRAcGQm0JX,,,,,13.08599854,80.27508545,anonymous,EN,,,,,James:,,,,,,,,,1,2,6,"Nutrit fertilizer,",1,2,7,Flora  fertilizer,,,,,,,,,32,1,no,2,1
21/08/2020 16:19,21/08/2020 16:44,0,174.110.1.116,100,1493,1,21/08/2020 16:44,R_xtlQ6wKaA1iu8hz,,,,,35.02760315,-78.97090149,anonymous,EN,,,,Noah,,,,,,,,,,,,,,,,,,1,2,5,The flour had been labelled more clearly.,1,1,7,Sandra had been doing her job,32,1,,3,1
21/08/2020 16:31,21/08/2020 16:50,0,122.174.69.87,100,1135,1,21/08/2020 16:50,R_2xznpGJEIkqsLUP,,,,,13.08599854,80.27508545,anonymous,EN,,Benjamin,,,,1,1,7, blood-thinning drug “Heparine”,1,1,5," treating a patient ""Sanguin """,,,,,,,,,,,,,,,,,32,1,no,1,2
21/08/2020 16:51,21/08/2020 16:57,0,122.174.178.18,100,369,1,21/08/2020 16:57,R_2WulcBSKmou3pLJ,,,,,13.08599854,80.27508545,anonymous,EN,,Benjamin,,,,,,,,,,,,1,1,6,nitax fertilizer,1,1,7,flora fertilizer,,,,,,,,,32,1,no,2,1
21/08/2020 16:58,21/08/2020 17:03,0,122.174.250.99,100,301,1,21/08/2020 17:03,R_2EcSnQaJInQlS6q,,,,,13.08599854,80.27508545,anonymous,EN,Emma,,,,,,,,,,,,,1,1,6,nutrit fertilizer,1,1,6,vitax fertilizer,,,,,,,,,32,1,no,2,2
21/08/2020 17:14,21/08/2020 17:18,0,72.65.252.103,100,238,1,21/08/2020 17:18,R_2D1VbHu742WAPyV,,,,,40.42359924,-79.98249817,anonymous,EN,,,,Noah,,,,,,,,,,,,,,,,,,1,2,7,If Anne would have did her due diligence on the flour brand then she would have found out that there were traces of hazelnut before ordering it.,1,1,7,If Sandra would have warned the customer that there were traces of walnuts in it before making the order then the customer will not have had an allergic reaction because they wouldn't have ordered that product.,33,1,,3,1
21/08/2020 17:25,21/08/2020 17:28,0,45.46.245.193,100,132,1,21/08/2020 17:28,R_2ZUozzzeMGDIVUF,,,,,42.66540527,-77.06210327,anonymous,EN,,,Ava,,,,,,,,,,,1,2,6,Bob had not used that fertilizer,1,1,6,Alex would have not used that fertilizer,,,,,,,,,36,1,,2,2
21/08/2020 17:36,21/08/2020 17:40,0,76.107.34.15,100,231,1,21/08/2020 17:40,R_32PyZQ0eMh86tKF,,,,,32.39039612,-93.71170044,anonymous,EN,,Benjamin,,,,,,,,,,,,,,,,,,,,1,2,7,Anne reviewed the ingredients to warn customers,1,1,7,Sandra listed allergens on her ingredients,41,1,,3,1
21/08/2020 17:27,21/08/2020 17:40,0,157.50.98.121,100,812,1,21/08/2020 17:40,R_2thuOVx4ZrjtA3I,,,,,13.08599854,80.27508545,anonymous,EN,,Benjamin,,,,1,2,6,""" If the patient did not take 'Afibo' , the patient would not have suffered leg cramps.""",1,1,7,"""If the patient did not take 'Corus' , the patient would not have suffered leg cramps""",,,,,,,,,,,,,,,,,34,2,NO,1,2
21/08/2020 17:49,21/08/2020 17:52,0,107.129.43.221,100,186,1,21/08/2020 17:52,R_3gYiTkwhZoRPEOo,,,,,38.79870605,-90.50340271,anonymous,EN,,,,Noah,,,,,,,,,,1,1,6,Bob told his boss about the negative effect of Nutrit,1,1,6,Alex brought up the negative effect of Splendor to his boss,,,,,,,,,32,1,"Both questions asked the exact same thing, just different names.",2,2
21/08/2020 17:42,21/08/2020 17:55,0,66.222.54.93,100,743,1,21/08/2020 17:55,R_10T8mnJfq7fzhfr,,,,,42.70089722,-88.54620361,anonymous,EN,,Benjamin,,,,1,2,7,"If Dr. Jones had known that Afibo had side effects, he would not have administered it and the patient would not have suffered leg cramps.",1,1,7,"If Dr. Smith had not administered Corus, the patient would not have suffered leg cramps.",,,,,,,,,,,,,,,,,40,2,,1,1
21/08/2020 17:58,21/08/2020 18:19,0,122.174.174.246,100,1298,1,21/08/2020 18:19,R_26eVivLsdef8VzN,,,,,13.08599854,80.27508545,anonymous,EN,,,,,James,,,,,,,,,,,,,,,,,1,1,6,Green Farms,1,1,6,white milk,30,2,no,3,2
21/08/2020 18:22,21/08/2020 18:38,0,171.49.183.60,100,983,1,21/08/2020 18:38,R_2OT2q2VE93iHG8k,,,,,13.08599854,80.27508545,anonymous,EN,Emma,,,,,,,,,,,,,,,,,,,,,1,1,7,white milk,1,1,6,green farms,32,1,no,3,1
21/08/2020 18:27,21/08/2020 18:38,0,157.49.252.88,100,685,1,21/08/2020 18:38,R_2QG4zEzhTESqD54,,,,,12.97210693,77.59329224,anonymous,EN,,,,Noah,,1,1,7,"best treating a patient"".heparine"" ",1,1,7,best blood-thinning drug “Sanguin” by recommended for  Dr Smith,,,,,,,,,,,,,,,,,30,2,no,1,1
21/08/2020 19:59,21/08/2020 19:59,0,209.0.51.62,100,24,1,21/08/2020 19:59,R_0p06001qXIEUlcR,,,,,37.75100708,-97.8219986,anonymous,EN,,IS,,,,,,,,,,,,,,,,,,,,,,,,,,,,,,,,
21/08/2020 20:01,21/08/2020 20:02,0,209.0.51.62,100,32,1,21/08/2020 20:02,R_239uBym4lzfnh80,,,,,37.75100708,-97.8219986,anonymous,EN,,,AVA,,,,,,,,,,,,,,,,,,,,,,,,,,,,,,,
21/08/2020 20:02,21/08/2020 20:09,0,209.0.51.62,100,394,1,21/08/2020 20:09,R_3fAGAkuz2efTJTo,,,,,37.75100708,-97.8219986,anonymous,EN,,,,,James,,,,,,,,,1,1,6,enna pantrathu do theriyala ,1,1,4,your teth is very bad sorry but no answer,,,,,,,,,47,2,bad answer,2,2
22/08/2020 02:19,22/08/2020 02:25,0,189.174.64.186,100,360,1,22/08/2020 02:25,R_1oc2Fmbea5QA0e9,,,,,20.99079895,-86.93920135,anonymous,EN,,,,Noah,,,,,,,,,,,,,,,,,,1,2,7,If the person responsible for purchasing the basic baking ingredients had done their due diligence and had not purchased flour with traces of nuts the customer would not have had an allergic reaction.,1,1,7,"If Sandra had not baked the customer a cake using that flour, the customer would not have had an allergic reaction.",28,1,,3,1
21/08/2020 15:32,21/08/2020 15:42,0,172.111.198.87,92,623,0,24/08/2020 10:52,R_1MWhj4bZwlTQDNh,,,,,,,anonymous,EN,Emma,,,,,,,,,,,,,,,,,,,,,1,2,,,1,1,7,If Sanda used the White Mill flour for backing then the customer would not have had an allergic reaction. ,,,,3,2
21/08/2020 16:52,21/08/2020 16:55,0,108.210.16.216,15,178,0,24/08/2020 10:52,R_2QyTYOPDdaXqO1n,,,,,,,anonymous,EN,,,,,James,1,2,6,the Doctor had read about the drug more,,,,,,,,,,,,,,,,,,,,,,,,1,1
21/08/2020 15:34,21/08/2020 15:35,0,157.49.204.192,81,28,0,24/08/2020 10:53,R_3M3YbH07T5OlOlA,,,,,,,anonymous,EN,,,,,James,,,,,,,,,,,,,,,,,,,,,,,,,,,,3,2
24/08/2020 14:23,24/08/2020 14:26,0,107.167.234.149,100,192,1,24/08/2020 14:26,R_3HOn4BDcmk7Qlam,,,,,36.13420105,-82.41629791,anonymous,EN,Emma,,,,,,,,,,,,,1,2,3,Bob would have read information about the new fertilizer,1,1,7,He did not use the new fertilizer,,,,,,,,,50,2,,2,2
24/08/2020 14:25,24/08/2020 14:27,0,69.253.66.208,100,163,1,24/08/2020 14:27,R_6FLIOtBwafemFJn,,,,,40.2684021,-75.39029694,anonymous,EN,,,,Noah,,1,2,3,Dr Jones had done additional research on the drug,1,1,7,Dr Smith had told the patient the side effects and asked their opinion on what drug they wanted,,,,,,,,,,,,,,,,,25,1,,1,1
24/08/2020 14:24,24/08/2020 14:28,0,24.239.91.36,100,249,1,24/08/2020 14:28,R_2y1mmF6qpAWxMS7,,,,,41.09959412,-80.75229645,anonymous,EN,,,Ava,,,,,,,,,,,,,,,,,,,1,2,2,Anne could have been more careful and researched the new flour to make sure that it was nut free. ,1,1,7,Sanda could have used the flour that she knew did not contain traces of walnut or told the customer she could not make a cake without having allergens. ,38,2,NA,3,2
24/08/2020 14:24,24/08/2020 14:28,0,67.189.49.225,100,222,1,24/08/2020 14:28,R_307WlSHkTlyZvkj,,,,,45.48049927,-122.6362991,anonymous,EN,,,,,James,,,,,,,,,,,,,,,,,1,2,7,Anne had been more knowledgeable about her product,1,1,7,Sandra had used a correct flour,32,1,,3,2
24/08/2020 14:23,24/08/2020 14:28,0,73.17.14.96,100,302,1,24/08/2020 14:28,R_3qJpIvrhABXvXyF,,,,,41.6026001,-72.97650146,anonymous,EN,,Benjamin,,,,1,2,2,"If the patient was prescribed the original drug, the patient would not have suffered leg cramps. If Dr. Jones was trained about the effects of the the new drug, the patient would not have suffered leg cramps.",1,1,4,"If Dr. Smith wanted to prescribe the more expensive drug, the patient would not have suffered leg cramps. If Dr. Smith thought the original drug would have worked better, the patient would not have suffered leg cramps.",,,,,,,,,,,,,,,,,26,1,,1,1
24/08/2020 14:23,24/08/2020 14:28,0,47.30.173.17,100,339,1,24/08/2020 14:28,R_3KSG5dYoZqSSLWC,,,,,28.65040588,77.23721313,anonymous,EN,,,,Noah,,1,2,5,"Hospital had given full detail of new drug, including its side effects, to doctors",1,1,7,Doctor had chosen not to give new drug and instead had given old drug,,,,,,,,,,,,,,,,,27,1,,1,1
24/08/2020 14:24,24/08/2020 14:29,0,67.8.193.168,100,297,1,24/08/2020 14:29,R_3Mn8svUH7g0U5AV,,,,,28.90249634,-81.2480011,anonymous,EN,Emma,,,,,1,1,1,he advised the patient of the leg cramps and checked blood type it would be avoided,1,1,1,"the persons blood type was checked before then, then the patient would not have suffered leg cramps. Things could have been smoother",,,,,,,,,,,,,,,,,50,2,,1,2
24/08/2020 14:26,24/08/2020 14:29,0,72.68.27.29,100,196,1,24/08/2020 14:29,R_1rJFDiHTKtvMRgH,,,,,40.84620667,-74.70559692,anonymous,EN,,,,Noah,,,,,,,,,,,,,,,,,,1,2,6,Anne's boss had made his employees aware that the Homestead brand had traces of hazelnuts,1,1,7,Sandra's boss had never replaced the old brand of flour with Harvest,39,1,no comments,3,1
24/08/2020 14:23,24/08/2020 14:30,0,103.44.96.234,100,404,1,24/08/2020 14:30,R_2QVQDpl1s2wRS3G,,,,,11.00750732,76.96710205,anonymous,EN,,Benjamin,,,,,,,,,,,,1,1,5,fertilizes the China roses with the fertilizer,1,1,6,Bourbon roses with the fertilizer Splendor,,,,,,,,,25,1,No issues found,2,2
24/08/2020 14:24,24/08/2020 14:30,0,157.49.226.94,100,359,1,24/08/2020 14:30,R_3nuODbr4DkdhKXs,,,,,12.97210693,77.59329224,anonymous,EN,,,,,James,,,,,,,,,1,2,5,"Bob avoided the new fertilizer, the China rose would not have died. ",1,1,7,"Alex have a mercy in his heart, the Bourbon rose would not have died. ",,,,,,,,,46,1,,2,1
24/08/2020 14:23,24/08/2020 14:30,0,157.34.68.242,100,419,1,24/08/2020 14:30,R_3HY30ILHEna0Qgh,,,,,22.71629333,75.831604,anonymous,EN,,,,,James,,,,,,,,,1,2,2,the manager of the garden provided realtime information about the changes happening in the garden via an app the china roses would not have died.,1,1,7,"the manager did ethical checks and love towards plants as a measure before recruiting Alex, the Bourbon roses would not have died.",,,,,,,,,23,1,No comments.,2,1
24/08/2020 14:23,24/08/2020 14:30,0,216.186.159.106,100,411,1,24/08/2020 14:30,R_2tlZ1BZlCZUrStI,,,,,27.78700256,-82.67610168,anonymous,EN,,Benjamin,,,,,,,,,,,,,,,,,,,,1,2,1,"If Ann had know that Homestead flour contained traces of hazelnuts, she could have used Green Farms flour so the customer would not have had an allergic reaction.",1,1,7,"If Sandra has used White Mill flour, which has no trace of nuts, the customer would not have had an allergic reaction.",64,2,,3,2
24/08/2020 14:28,24/08/2020 14:32,0,140.186.218.74,100,193,1,24/08/2020 14:32,R_2WTJU4j2RfOnoqq,,,,,46.89070129,-96.92579651,anonymous,EN,Emma,,,,,,,,,,,,,1,2,1,Bob knew about the Nutrit,1,1,7,Alex care more about everything,,,,,,,,,30,2,,2,1
24/08/2020 14:29,24/08/2020 14:32,0,107.134.81.242,100,157,1,24/08/2020 14:32,R_24PpECzNVZrSBGW,,,,,41.56790161,-87.53800201,anonymous,EN,,Benjamin,,,,,,,,,,,,,,,,,,,,1,2,3,The manufacture didn't change the recipe,1,1,5,Sandra didn't use the flour,29,1,,3,1
24/08/2020 14:23,24/08/2020 14:32,0,24.5.217.12,100,581,1,24/08/2020 14:32,R_1hRcsNIHyMFShEl,,,,,37.76179504,-121.9132996,anonymous,EN,Emma,,,,,,,,,,,,,,,,,,,,,1,2,4," If Anne took the time to review the ingredients, but the Homestead flour didn't say anything about hazelnuts, then the sentence would be completed as ""If Homestead's label had been accurate, the customer ....""

If Anne was irresponsible and forgot to read the Homestead flour label, the the sentence would be completed as ""If Anne took the time to read the label, then the customer ...""",1,1,7,"""If Sandra was responsible and didn't use the Harvest flour that contained nuts, the customer ...""",55,2,,3,1
24/08/2020 14:24,24/08/2020 14:32,0,174.128.250.18,100,485,1,24/08/2020 14:32,R_1Fx0xJIfLj9pG0J,,,,,39.75010681,-104.995697,anonymous,EN,,,,,James,,,,,,,,,1,2,7,if bob had not used the Nutrit fertilizer ,1,1,7,if Alex greed didn't get in his way ,,,,,,,,,30,1,none,2,1
24/08/2020 14:29,24/08/2020 14:34,0,47.30.173.17,100,310,1,24/08/2020 14:34,R_5bsFBYLyHgtpOsp,,,,,28.65040588,77.23721313,anonymous,EN,,Benjamin,,,,,,,,,,,,1,2,3,If botanical garden managers had told Bob everything about new fertilizer,1,1,7,Alex had used old fertilizer instead of Splendor,,,,,,,,,27,1,,2,2
24/08/2020 14:30,24/08/2020 14:34,0,174.65.81.86,100,226,1,24/08/2020 14:34,R_2tLiB2eJsvjhKz3,,,,,32.81230164,-116.9171982,anonymous,EN,,,,Noah,,1,2,5,Dr Jones gave the patient the drug Heparine,1,1,6,Dr Smith gave the patient the drug Sanguin,,,,,,,,,,,,,,,,,41,1,"Thank you very much for this HIT, and best of luck with your research",1,2
24/08/2020 14:23,24/08/2020 14:35,0,104.59.155.242,100,722,1,24/08/2020 14:35,R_3e8lEXNBnPJfy7Z,,,,,32.75369263,-96.83670044,anonymous,EN,,,,Noah,,1,2,2,applied alternative but effective dug,1,1,5,applied Sanguin as alternative,,,,,,,,,,,,,,,,,52,1,,1,2
24/08/2020 14:28,24/08/2020 14:35,0,24.140.34.25,100,425,1,24/08/2020 14:35,R_1F3CvMnqZqPe6eV,,,,,40.81419373,-81.93869781,anonymous,EN,,,,Noah,,,,,,,,,,1,2,5,Bob had researched the new fertilizer before using then,1,1,7,Alex did not use the cheaper fertilizer then,,,,,,,,,53,2,,2,2
24/08/2020 14:31,24/08/2020 14:37,0,209.216.92.228,100,317,1,24/08/2020 14:37,R_22Ku41USHCk4ILh,,,,,25.82949829,-80.29270172,anonymous,EN,,Benjamin,,,,,,,,,,,,,,,,,,,,1,2,5,Anne had shown competence by making sure the customer's health and needs were duly considered before making use of this new flour,1,1,7,Sandra had been more honest with the customer that the flour contained traces of walnut,34,1,,3,2
24/08/2020 14:30,24/08/2020 14:38,0,73.183.194.74,100,504,1,24/08/2020 14:38,R_33mxPY7Zu2moiSk,,,,,29.7223053,-95.62850189,anonymous,EN,Emma,,,,,1,2,5,"the patient’s medical record, Dr Jones sees that the patient has blood ",1,2,4,It causes mild leg cramps in patients with blood type ‘B-negative’,,,,,,,,,,,,,,,,,25,1,None,1,1
24/08/2020 14:26,24/08/2020 14:43,0,150.242.173.151,100,1018,1,24/08/2020 14:43,R_bIA3dqdwNDYXbgt,,,,,28.45970154,77.02819824,anonymous,EN,,,Ava,,,1,2,5,If I were in Dr. Jones's place I would not administer a new drug to my patient without knowing about any possible side effects. And this would have saved the patient from suffering.,1,1,6,"If I were in place of Dr. Smith, I would have advised the hospital administration about the side effect of the drug and would continue to use the previous drug or substitutes which do not have the same side effect. And the patient would not have suffered.",,,,,,,,,,,,,,,,,27,1,There are no issues with the survey.,1,2
24/08/2020 14:40,24/08/2020 14:43,0,68.207.246.47,100,189,1,24/08/2020 14:43,R_3JIYL3Yn7MFsDK7,,,,,27.8170929,-82.62680054,anonymous,EN,Emma,,,,,,,,,,,,,1,1,7,If he hadn't used Nutrit then the China roses wouldn't have dieed. ,1,2,6,he had done things differently the roses wouldn't have died. he really should not have died. He should not have used that chemical and product on the flora. ,,,,,,,,,37,2,n,2,2
24/08/2020 14:39,24/08/2020 14:43,0,173.12.182.177,100,276,1,24/08/2020 14:43,R_2zHBD4bfJUwlWGf,,,,,44.62789917,-123.0592041,anonymous,EN,,,,Noah,,,,,,,,,,,,,,,,,,1,2,4,the company would've notified Anne that the change in flour contains possible traces of hazelnuts she could've notified the customer. ,1,1,7,Sandra would've notified the customer of the possible traces of walnut,42,1,"This was interesting, thank you",3,2
24/08/2020 14:39,24/08/2020 14:44,0,70.113.64.2,100,333,1,24/08/2020 14:44,R_ClEWHX4BwwEXb8J,,,,,30.27209473,-97.6867981,anonymous,EN,,,,,James,2,1,3,had a different blood type,1,2,3,had a different blood type,,,,,,,,,,,,,,,,,36,1,,1,1
24/08/2020 14:28,24/08/2020 14:45,0,122.174.161.107,100,1047,1,24/08/2020 14:45,R_1Y2RFvHAUrBl9sZ,,,,,13.08599854,80.27508545,anonymous,EN,,,Ava,,,1,2,4,if not afibo drug injuct the patient would not have suffered led cramps.,1,2,6,If B-negative patient did not injucted in corus drug would not have suffered leg cramps.,,,,,,,,,,,,,,,,,28,2,nice,1,1
24/08/2020 14:33,24/08/2020 14:48,0,71.73.50.252,100,896,1,24/08/2020 14:48,R_4SWJWFdOfNq761j,,,,,41.5019989,-82.00910187,anonymous,EN,,,,Noah,,,,,,,,,,1,2,6,"If Bob would have done some research on the Nutri product before applying it, the China roses would not have died.",1,1,7,"If Alex would have paid more attention to what he was giving the roses, the Bourbon roses would not have died.",,,,,,,,,40,1,"So interesting to come across this study,  I actually own a flower shop.  I deal with roses all day long.  Thank you for allowing me to participate in this work study.  I hope you have found my data useful for your work studies.   Have a wonderful day!",2,1
24/08/2020 14:51,24/08/2020 14:54,0,98.235.48.150,100,148,1,24/08/2020 14:54,R_qWNOPIKTXRlYJb3,,,,,40.2743988,-76.70619965,anonymous,EN,,,,,James,1,2,6,"the doctor had read up on the drug, he'd have known about the side effects and may not have prescribed it, ergo",1,1,7,the doctor had no prescribed the drug and used something else,,,,,,,,,,,,,,,,,48,1,,1,1
24/08/2020 14:50,24/08/2020 14:54,0,99.23.146.214,100,275,1,24/08/2020 14:54,R_2fvevdtGkCHh4Gr,,,,,29.646698,-82.32839966,anonymous,EN,,,,,James,,,,,,,,,1,2,6,Bob had died,1,1,7,Alex had not bought Splendor,,,,,,,,,50,1,,2,1
24/08/2020 14:54,24/08/2020 14:57,0,24.208.188.198,100,157,1,24/08/2020 14:57,R_5ndcAtln8yEVWPT,,,,,40.74159241,-84.15219879,anonymous,EN,,,,,james,,,,,,,,,1,2,3,bod dis research about the product,1,1,7,she shouldnt have used the new fertilizer,,,,,,,,,39,1,,2,2
24/08/2020 14:54,24/08/2020 14:57,0,174.101.36.103,100,192,1,24/08/2020 14:57,R_bkDLqCJ3XZ2Fza1,,,,,39.45219421,-83.84100342,anonymous,EN,,,,,James,,,,,,,,,,,,,,,,,1,2,5,Annie carefully read about all the ingredients of the flour,1,1,7,Sandra used a different type of flour,31,1,,3,2
24/08/2020 14:46,24/08/2020 15:01,0,108.234.235.187,100,900,1,24/08/2020 15:01,R_2upqQ1cJGEpqGgs,,,,,29.6914978,-95.04740143,anonymous,EN,,Benjamin,,,,1,2,3,dr. jones had administered heparine instead of abifo ,1,1,7,dr. smith would have administered another drug instead of corus,,,,,,,,,,,,,,,,,32,2,,1,1
24/08/2020 15:01,24/08/2020 15:05,0,38.100.151.194,100,203,1,24/08/2020 15:05,R_eJ7XMKguDUzelnb,,,,,29.75019836,-95.47100067,anonymous,EN,,,Ava,,,1,2,6,the patient was informed correctly,1,1,1,patient didn't have any symptoms,,,,,,,,,,,,,,,,,27,1,,1,1
24/08/2020 15:02,24/08/2020 15:06,0,72.68.205.5,100,273,1,24/08/2020 15:06,R_3Rl4LGJRZ5GTPDu,,,,,41.33459473,-73.69509888,anonymous,EN,,,,,James,1,2,4,the patient had a different blood type,1,1,5,the patient did not take Corus,,,,,,,,,,,,,,,,,31,2,it was interesting thanks so much,1,1
24/08/2020 15:02,24/08/2020 15:08,0,67.247.196.28,100,391,1,24/08/2020 15:08,R_1dyjTgTYcqQxeYN,,,,,46.68280029,-68.01689911,anonymous,EN,Emma,,,,,,,,,,,,,,,,,,,,,1,2,1,They didn't eat it,1,1,2,There was no walnuts,36,1,,3,2
24/08/2020 15:10,24/08/2020 15:15,0,177.152.111.55,100,338,1,24/08/2020 15:15,R_6LSxeQ50FnWh33P,,,,,-22.92010498,-43.33070374,anonymous,EN,Emma,,,,,1,2,5,"If Dr had researched more about the drug before buying, the patient would not have cramps.",1,1,7,"If the doctor had not used the cheapest drug, the patient would not have cramps.",,,,,,,,,,,,,,,,,29,1,None.,1,1
24/08/2020 15:05,24/08/2020 15:17,0,157.49.206.18,100,753,1,24/08/2020 15:17,R_1H6J5HMTIvAVNVu,,,,,12.97210693,77.59329224,anonymous,EN,,,Ava,,,,,,,,,,,1,2,2,"If ""Vitax"" was used instead of ""Nutrit""",1,1,6,"If ""Flora"" was used instead of ""Splendor""",,,,,,,,,30,1,nothing,2,2
24/08/2020 15:11,24/08/2020 15:19,0,98.192.156.105,100,487,1,24/08/2020 15:19,R_1jCgRMmF4AoGRtx,,,,,30.48049927,-84.22429657,anonymous,EN,,,,Noah,,,,,,,,,,1,2,2,"If Bob had not used the Nutrit fertilizer, the China roses would not have died. He should have done more research into the new fertilizer before using. Then he could have prevented the China roses from dying.",1,1,4,"If Alex did not use the new fertilizer, the Bourbon roses would not have died. He could have decided that it wasn't worth using to harm the roses and stuck with the other fertilizer instead.",,,,,,,,,42,2,,2,2
24/08/2020 15:33,24/08/2020 15:38,0,217.138.206.36,100,289,1,24/08/2020 15:38,R_31pDV2TRBhqnH33,,,,,40.71569824,-74,anonymous,EN,,,,,James,1,2,1,doctor could have done more research about the new product,1,1,7,the doctor didn't use the new drug,,,,,,,,,,,,,,,,,32,1,,1,1
24/08/2020 15:31,24/08/2020 15:43,0,65.31.20.112,100,696,1,24/08/2020 15:43,R_5uQoc8MMmsDHSmJ,,,,,39.95809937,-82.80680084,anonymous,EN,Emma,,,,,,,,,,,,,,,,,,,,,1,2,6,Anna had done her due diligence and researched the new product,1,1,7,she had warned others of the contents,29,1,,3,1
24/08/2020 15:41,24/08/2020 15:45,0,173.187.5.173,100,290,1,24/08/2020 15:45,R_aawiCFDsx9ZYTap,,,,,34.9250946,-80.72779846,anonymous,EN,,,,Noah,,,,,,,,,,,,,,,,,,1,2,2,"If Anne had known that the flour contained traces of Walnuts, she could have told them and the customer would not have had an allergic reaction.",1,1,5,If Sandra had informed the customer that the flour used had traces of walnuts. the customer would not have had an allergic reaction.,45,1,No issues!  Thanks for the HIT!  I did my best and hope the data is useful!,3,2
24/08/2020 14:23,24/08/2020 15:55,0,71.77.155.238,100,5526,1,24/08/2020 15:55,R_3ey05wZ2cZuCmTC,,,,,35.18730164,-79.47299957,anonymous,EN,,Benjamin,,,,,,,,,,,,,,,,,,,,1,2,4,"If Anne had checked on what was actually in the new brand of flour, the customer would not have had an allergic reaction.",1,1,7,If Sandra cared about the customer and their nut allergy she would not have used the new flour and the customer would not have had an allergic reaction.,58,2,,3,1
24/08/2020 15:53,24/08/2020 15:56,0,68.101.151.45,100,203,1,24/08/2020 15:56,R_3PNWhnW2Qh3yZ0m,,,,,32.97279358,-117.0379028,anonymous,EN,,,Ava,,,,,,,,,,,1,2,7,Bob did not fertilize the roses,1,1,7,Alex did not fertilize the roses with Splendor,,,,,,,,,37,2,,2,2
24/08/2020 16:01,24/08/2020 16:02,0,72.65.252.103,100,23,1,24/08/2020 16:02,R_21jRpG8Z2OUO40g,,,,,40.42359924,-79.98249817,anonymous,EN,,Bejamin,,,,,,,,,,,,,,,,,,,,,,,,,,,,,,,,
24/08/2020 16:03,24/08/2020 16:05,0,75.177.104.109,100,135,1,24/08/2020 16:05,R_3pswo8zI0QdLNmy,,,,,36.50019836,-80.61630249,anonymous,EN,,,,Noah,,,,,,,,,,1,2,1,Bob had not used the Nutex,1,1,7,"Allen had not used the splendor,",,,,,,,,,39,2,,2,1
24/08/2020 16:09,24/08/2020 16:12,0,75.151.82.106,100,162,1,24/08/2020 16:12,R_3hyaxpJgd7ZJwAi,,,,,39.61399841,-104.9601974,anonymous,EN,,Benjamin,,,,1,2,2,Dr. Jones read the side effects of this medication and did not prescribe it,1,1,5,Dr. smith did not prescribe Corus,,,,,,,,,,,,,,,,,35,2,,1,2
24/08/2020 16:06,24/08/2020 16:13,0,69.143.168.234,100,466,1,24/08/2020 16:13,R_tDJgnO266Na8Not,,,,,39.00059509,-77.10030365,anonymous,EN,,,Ava,,,,,,,,,,,1,2,2,"If Bob used a different fertilizer, the China roses would not have died.",1,1,6,"If Alex did not use the Splendor, the Bourbon roses would not have died.",,,,,,,,,34,1,,2,1
24/08/2020 16:11,24/08/2020 16:14,0,73.110.42.190,100,184,1,24/08/2020 16:14,R_3egK19a70REsPwe,,,,,41.9703064,-87.66400146,anonymous,EN,,,,,James,,,,,,,,,1,2,5,the roses had received more sunlight and water,1,1,6,"Alex either didn't use fertilizer or used another type of fertilizer, one without the harmful side effects",,,,,,,,,35,1,,2,2
24/08/2020 16:09,24/08/2020 16:14,0,74.101.53.83,100,289,1,24/08/2020 16:14,R_ZwU7Tiv7Zaku5TX,,,,,40.61860657,-73.92720032,anonymous,EN,Emma,,,,,,,,,,,,,,,,,,,,,1,2,1,Ann would have know it had traces of hazelnuts,1,1,7,Sandra would have told the customer this has traces of walnut,32,1,,3,2
24/08/2020 16:09,24/08/2020 16:17,0,47.224.50.72,100,483,1,24/08/2020 16:17,R_b2zOjbF8Sy9YWrf,,,,,45.60800171,-84.48670197,anonymous,EN,,Benjamin,,,,1,2,7,"Dr Jones had prescribed a different medication, or simply not prescribed Afibo",1,1,7,The doctor had not prescribed Corus,,,,,,,,,,,,,,,,,44,1,,1,1
24/08/2020 16:24,24/08/2020 16:28,0,68.100.146.13,100,241,1,24/08/2020 16:28,R_W9km7tRP9HyFOed,,,,,38.30000305,-77.47389984,anonymous,EN,,,Ava,,,1,2,2,Dr. Jones had given the patient Heparine,1,1,5,Dr. Smith gave the patient Sangun,,,,,,,,,,,,,,,,,44,2,,1,2
24/08/2020 16:24,24/08/2020 16:30,0,103.143.108.224,100,369,1,24/08/2020 16:30,R_ptRsjDhROCRfjJD,,,,,11.10760498,77.35641479,anonymous,EN,,,Ava,,,,,,,,,,,,,,,,,,,1,1,5,"Allergic reactions can change over time, even disappearing in some cases. Most people with allergies first develop them as children or infants. But as they age, some individuals seem to leave their hay fever, pet allergies or even food allergies behi",1,1,5,"Allergic reactions can change over time, even disappearing in some cases. Most people with allergies first develop them as children or infants. But as they age, some individuals seem to leave their hay fever, pet allergies or even food allergies behind",30,1,god study,3,2
24/08/2020 16:26,24/08/2020 16:30,0,69.58.121.132,100,269,1,24/08/2020 16:30,R_urjVEoKMEWwM8cF,,,,,39.96530151,-83.02349854,anonymous,EN,,Benjamin,,,,,,,,,,,,1,2,7,Bob did not give it Nutrit,1,1,7,Alex would not have used Splendor,,,,,,,,,35,1,,2,1
24/08/2020 16:31,24/08/2020 16:35,0,97.120.104.204,100,276,1,24/08/2020 16:35,R_ahqHnB2tdFjBmed,,,,,45.57769775,-122.6795044,anonymous,EN,,,Ava,,,,,,,,,,,,,,,,,,,1,2,6,the bakery owner had researched the new flour more carefully,1,1,7,Sandra had used the nut-free flour for the cake,48,2,,3,1
24/08/2020 16:34,24/08/2020 16:47,0,75.65.137.191,100,781,1,24/08/2020 16:47,R_2vZkr2dZLOa469P,,,,,29.5933075,-90.75959778,anonymous,EN,,Benjamin,,,,1,1,6,Dr Jones often administers her patients the blood-thinning drug “Heparine” in order to prevent thrombosis and blood clots.,1,1,6,Dr Smith often administers her patients the blood-thinning drug “Sanguin” in order to prevent thrombosis and blood clots.,,,,,,,,,,,,,,,,,47,2,Nope,1,2
24/08/2020 16:58,24/08/2020 17:02,0,23.119.201.59,100,251,1,24/08/2020 17:02,R_3koCMAoXtq5lnGE,,,,,32.90739441,-97.42569733,anonymous,EN,,Benjamin,,,,,,,,,,,,,,,,,,,,1,2,7,Anne had researched the flour for the allergy friendly cake,1,1,7,Sandra had used a nut free flour instead,39,2,,3,2
24/08/2020 17:21,24/08/2020 17:26,0,67.58.114.176,100,287,1,24/08/2020 17:26,R_2VKF97H3k2JMzSA,,,,,35.26210022,-82.66660309,anonymous,EN,,Benjamin,,,,,,,,,,,,1,2,1,"If Bob's boss had told him there was a new fertilizer which would harm the China roses, the China roses would not have died.",1,1,7,"Alex had paid more attention to the fertilizer he was using and had not chosen Splendor, the Bourbon roses would not have died.",,,,,,,,,65,1,No comments!,2,1
24/08/2020 16:16,24/08/2020 17:29,0,103.80.71.170,100,4353,1,24/08/2020 17:29,R_9YwqmD2U1VpGUxP,,,,,22.81570435,89.56600952,anonymous,EN,,,,Noah,,,,,,,,,,,,,,,,,,2,1,3,This is very good news.,1,1,6,This is very good news.,29,1,Nice study.,3,1
24/08/2020 16:56,24/08/2020 17:46,0,122.174.207.26,100,3017,1,24/08/2020 17:46,R_22tVCkJGfIv8LR3,,,,,13.08599854,80.27508545,anonymous,EN,Emma,,,,,1,1,7,heparine madicin,1,1,7,sanguin madicin,,,,,,,,,,,,,,,,,32,1,no,1,1
24/08/2020 18:16,24/08/2020 18:18,0,173.242.129.193,100,114,1,24/08/2020 18:18,R_2zT7PMadeo8yoKC,,,,,37.75250244,-85.99539948,anonymous,EN,Emma,,,,,,,,,,,,,1,2,2,Bob had of known about the ill effect and not used it,1,1,7,"he hadn't of used that fertilizer,",,,,,,,,,39,1,,2,2
24/08/2020 14:30,24/08/2020 14:35,0,66.31.48.108,99,322,0,25/08/2020 10:02,R_3CZY1HqfzblpwzQ,,,,,,,anonymous,EN,,Benjamin,,,,,,,,,,,,1,2,3,Bob used another fertilizer then ,1,1,6,Alex didn't use the new fertilizer,,,,,,,,,29,2,,2,2
24/08/2020 14:49,24/08/2020 14:52,0,45.178.152.112,99,207,0,25/08/2020 10:02,R_2zP8x7rCdnbtsvx,,,,,,,anonymous,EN,,,,Noah,,,,,,,,,,,,,,,,,,1,2,6,Anne doesn't use homestead in her cakes,1,1,6,Sandra not used harvest flour in her cakes,32,1,,3,2
24/08/2020 14:22,24/08/2020 14:23,0,134.76.0.125,22,27,0,25/08/2020 10:02,R_6FIGpUYarIDPb4R,,,,,,,anonymous,EN,,,,Noah,,,,,,,,,,,,,,,,,,,,,,,,,,,,,1,2
24/08/2020 14:26,24/08/2020 14:27,0,108.254.224.255,52,37,0,25/08/2020 10:02,R_dd8Zai6gkDMjpLz,,,,,,,anonymous,EN,,,Ava,,,,,,,,,,,,,,,,,,,,,,,,,,,,,,2,2
24/08/2020 14:54,24/08/2020 16:34,0,104.236.53.155,66,6033,0,25/08/2020 10:02,R_1IcwCJXwtkVCh48,,,,,,,anonymous,EN,,,Ava,,,,,,,,,,,,,,,,,,,,,,,,,,,,,,3,1
24/08/2020 14:26,24/08/2020 14:32,0,68.108.14.65,99,353,0,25/08/2020 10:03,R_2SqXqQoaxGN69G3,,,,,,,anonymous,EN,,,,Noah,,,,,,,,,,,,,,,,,,1,2,5,"If Anne had discussed not making any changes with her staff without her knowledge, the customer would not have had an allergic reaction. ",1,1,7,"If Sandra had not used the ""Harvest"" brand of flour, the customer would not have had an allergic reaction.",52,2,,3,1
24/08/2020 14:38,24/08/2020 14:39,0,72.241.62.50,92,54,0,25/08/2020 10:03,R_2CfbVuadLpBMUMd,,,,,,,anonymous,EN,,,,Noah,,,,,,,,,,,,,,,,,,1,2,,,2,1,4,Sandra wouldn't have put nuts in the cake,,,,3,2
25/08/2020 14:11,25/08/2020 14:14,0,68.179.240.85,100,195,1,25/08/2020 14:14,R_25ymbRV3kOXmZn2,,,,,35.60270691,-92.27420044,anonymous,EN,,,Ava,,,1,2,2,Afibo didn't have side effects,1,1,3,the patient didn't have b-negative blood,,,,,,,,,,,,,,,,,52,1,,1,1
25/08/2020 14:12,25/08/2020 14:15,0,73.124.103.214,100,212,1,25/08/2020 14:15,R_1dm238PqymBf7oX,,,,,25.99200439,-80.27020264,anonymous,EN,,,,,James,1,2,1,"the doctor knew that the cheaper medicine caused leg cramps, the doctor would not have prescribed it and,",1,1,5,"the doctor would have just prescribed the patient, Sanguin",,,,,,,,,,,,,,,,,29,1,,1,2
25/08/2020 14:11,25/08/2020 14:16,0,64.83.232.16,100,260,1,25/08/2020 14:16,R_3svu4oM3riNDjRV,,,,,44.00900269,-92.3934021,anonymous,EN,,,,Noah,,,,,,,,,,,,,,,,,,1,2,1,the bakery manager did not order this kind of flour,1,1,4,the manager did not order or Sandra did use this kind of flour,44,1,none,3,2
25/08/2020 14:12,25/08/2020 14:17,0,159.118.90.101,100,338,1,25/08/2020 14:17,R_ezFz401k4rJGHYt,,,,,33.74240112,-90.729599,anonymous,EN,,,Ava,,,1,2,1,"I think if Dr. Jones had just gave the patient the old blood thinner, then the person would not have suffered mild leg cramps",1,1,2,"If Dr. Smith had given the old blood thinner to the patient, then the patient would not have suffered leg cramps.",,,,,,,,,,,,,,,,,34,2,,1,1
25/08/2020 14:11,25/08/2020 14:18,0,66.243.214.51,100,412,1,25/08/2020 14:18,R_3ne0pSfhAqzVrF8,,,,,46.92100525,-122.5937958,anonymous,EN,,,Ava,,,,,,,,,,,1,2,1,"If Bob had not tried the new fertilizer, the China roses would not have died.",1,1,5,"Alex knew about the bad affects of the new fertilizer. If he had not chosen to use it, the Bourbon roses would not have died.",,,,,,,,,62,2,,2,1
25/08/2020 14:17,25/08/2020 14:19,0,107.134.81.242,100,129,1,25/08/2020 14:19,R_1GNwldcMDVDTdS6,,,,,41.56790161,-87.53800201,anonymous,EN,,Benjamin,,,,1,2,5,Dr Jones didn't try to save money,1,1,5,Dr. Smith took the warnings seriously,,,,,,,,,,,,,,,,,29,1,,1,2
25/08/2020 14:13,25/08/2020 14:19,0,217.138.206.36,100,401,1,25/08/2020 14:19,R_577oIIsZvZ8GrxT,,,,,40.71569824,-74,anonymous,EN,,,Ava,,,,,,,,,,,,,,,,,,,1,2,2,Ana could have learned more about the new product,1,1,5,she didn't use the new product ,32,1,It was quite an engaging study,3,1
25/08/2020 14:17,25/08/2020 14:20,0,168.235.70.73,100,189,1,25/08/2020 14:20,R_dgsq5wSBkKJs0w1,,,,,37.75100708,-97.8219986,anonymous,EN,,,,Noah,,,,,,,,,,,,,,,,,,1,2,1,the customer didn't eat the food,1,1,1,the product didn't contain walnut,31,1,,3,2
25/08/2020 14:17,25/08/2020 14:23,0,174.204.69.80,100,368,1,25/08/2020 14:23,R_YYSsEtuNQXirY4x,,,,,47.5460968,-122.3722992,anonymous,EN,,,,,James,,,,,,,,,1,2,6,"If Bob would have been aware of the effect of Nutrix on the China roses, he would not have used it and the China roses would not have died.",1,1,7,"If Alex would not have used the Splendor, the Bourbon roses would not have died.",,,,,,,,,65,2,,2,1
25/08/2020 14:13,25/08/2020 14:26,0,49.207.63.198,100,768,1,25/08/2020 14:26,R_10Z2f21PJsJiqTP,,,,,12.97210693,77.59329224,anonymous,EN,,,,Noah,,,,,,,,,,1,2,1,"If Bob had known about the side effects of the new fertilizer, he wouldn't have used it. Then the China roses would not have died. ",1,1,6,"If Alex didn't use the new fertilizer Splendor, the Bourbon roses would not have died. He could have mentioned that to the manager and get another fertilizer. ",,,,,,,,,34,2,,2,2
25/08/2020 14:17,25/08/2020 14:26,0,67.184.201.18,100,526,1,25/08/2020 14:26,R_3RrT6VizowGHNPA,,,,,42.39549255,-88.167099,anonymous,EN,,,,Noah,,1,2,7,"the doctor was informed of the side effect of the prescribed drug, he may have offered a different course and...",1,1,7,the doctor would have given the patient an alternative drug,,,,,,,,,,,,,,,,,52,1,,1,2
25/08/2020 14:27,25/08/2020 14:29,0,73.228.143.226,100,103,1,25/08/2020 14:29,R_3nel34Il9rJYzM9,,,,,44.82659912,-93.375,anonymous,EN,,,Ava,,,,,,,,,,,1,2,3,the Nutrit had not been ordered,1,1,6,Alex had not used the Splendor,,,,,,,,,42,1,,2,1
25/08/2020 14:41,25/08/2020 14:44,0,75.161.230.183,100,161,1,25/08/2020 14:44,R_3iEiFnZgNyD2oeE,,,,,35.05059814,-106.7248993,anonymous,EN,,,,Noah,,,,,,,,,,,,,,,,,,1,2,3,Anne had been told that the new flour contained traces of hazelnuts ,1,1,7,Sandra had simply used the other flour,36,1,None.,3,2
25/08/2020 14:35,25/08/2020 14:46,0,173.198.160.217,100,610,1,25/08/2020 14:46,R_2SoUaQTfqODYgNE,,,,,43.96009827,-111.6975021,anonymous,EN,,Benjamin,,,,1,2,4,"If Dr. Jones had fully informed themselves about drug interactions, the patient would not have suffered leg cramps, she is partially to blame.",1,1,4,"Dr. Smith wasn't worried about leg cramps over thrombosis, she could have withheld the drug, but that may have led to death, and then the patient wouldn't need to worry about mild leg cramps!",,,,,,,,,,,,,,,,,55,2,"No comment, thanks : )",1,1
25/08/2020 14:50,25/08/2020 14:53,0,67.189.49.225,100,196,1,25/08/2020 14:53,R_bBNUrIYHbGKexz3,,,,,45.48049927,-122.6362991,anonymous,EN,,,Ava,,,,,,,,,,,1,2,2,someone had informed Bob about the harmfulness of the new fertilizer,1,1,7,Alex had not used the harmful fertilizer,,,,,,,,,32,1,,2,1
25/08/2020 14:58,25/08/2020 14:58,0,171.61.251.251,100,14,1,25/08/2020 14:58,R_6CZ6gHRkmkRAxrP,,,,,13.08599854,80.27508545,anonymous,EN,like,,,,,,,,,,,,,,,,,,,,,,,,,,,,,,,,,
25/08/2020 14:58,25/08/2020 15:00,0,171.61.251.251,100,93,1,25/08/2020 15:00,R_20PvY5SXeGxky3I,,,,,13.08599854,80.27508545,anonymous,EN,,,,amelia,,,,,,,,,,,,,,,,,,,,,,,,,,,,,,
25/08/2020 15:00,25/08/2020 15:01,0,171.61.251.251,100,39,1,25/08/2020 15:01,R_1jZYb7nNOe7akzW,,,,,13.08599854,80.27508545,anonymous,EN,,benjamin,,,,,,,,,,,,,,,,,,,,,,,,,,,,,,,,
25/08/2020 15:01,25/08/2020 15:04,0,171.61.251.251,100,198,1,25/08/2020 15:04,R_3FQEtlcW7cPdRC2,,,,,13.08599854,80.27508545,anonymous,EN,speaking to emma,,,,,,,,,,,,,,,,,,,,,,,,,,,,,,,,,
25/08/2020 15:05,25/08/2020 15:06,0,171.61.251.251,100,35,1,25/08/2020 15:06,R_3Icmpt2SDSaRWfR,,,,,13.08599854,80.27508545,anonymous,EN,liam talking to emma,,,,,,,,,,,,,,,,,,,,,,,,,,,,,,,,,
25/08/2020 15:03,25/08/2020 15:09,0,23.119.201.59,100,335,1,25/08/2020 15:09,R_DU09jkY3qqbFYKR,,,,,32.90739441,-97.42569733,anonymous,EN,Emma,,,,,,,,,,,,,1,2,1,"Bob had knowledge the fertilizer harmed the China Rose plant, Bob would have chosen another more appropriate fertilizer to use on the China Rose and",1,1,7,"Alex would not have used the Splendor fertilizer, knowing that it would harm the delicate rose plant then",,,,,,,,,39,2,"all good, thank you",2,1
25/08/2020 15:06,25/08/2020 15:09,0,171.61.251.251,100,203,1,25/08/2020 15:09,R_1CfMNwGovrX8Z2A,,,,,13.08599854,80.27508545,anonymous,EN,,,,,Evelyn says to james,,,,,,,,,,,,,,,,,1,1,6,the customer would not have had an allergic reaction from the cake,1,1,5,the customer would not have had an allergic reaction from the cake. ,35,2,2509,3,2
25/08/2020 15:10,25/08/2020 15:13,0,73.110.45.98,100,137,1,25/08/2020 15:13,R_3iOsC3q6U6Vyucj,,,,,41.88250732,-87.71849823,anonymous,EN,,,,,James,1,2,4,The leg cramps were likely a result of the medicine. It could have been prevented by administering a different medicine.,1,1,4,the doctor administered a different medicine,,,,,,,,,,,,,,,,,35,1,,1,1
25/08/2020 15:07,25/08/2020 15:15,0,95.93.159.234,100,466,1,25/08/2020 15:15,R_2f6RuTiQZ0Hbd04,,,,,38.67810059,-9.156600952,anonymous,EN,,,,,James,,,,,,,,,1,2,2,they had picked the fertilizer carefully while buying it.,1,1,7,Alex had refused to use the new fertilizer,,,,,,,,,43,1,"None, everything went well, thank you.",2,1
25/08/2020 15:11,25/08/2020 15:19,0,71.194.181.171,100,458,1,25/08/2020 15:19,R_3D0AVC2kpYxjA33,,,,,41.76879883,-88.34049988,anonymous,EN,,Benjamin,,,,,,,,,,,,,,,,,,,,1,2,1,"the bakery required the use of Green Farms brand in stuff advertized as ""allergy friendly""",1,1,7,Sarah only used White Mill flour in cakes advertized as allergy friendly,55,1,Nuts!,3,2
25/08/2020 14:23,25/08/2020 15:19,0,223.182.33.98,100,3404,1,25/08/2020 15:19,R_DbItzrIJ64r8A81,,,,,16.50740051,80.64660645,anonymous,EN,,,,,JAMES,1,2,1,Dr Jones need to know about medicines thoroughly before he give it to patients.Doctors are the responsibility for the mistakes whether they are known or not.,1,1,7,Dr.smith won't give Corus to B-negative patients.Instead of Corus he suggest other medicine for B-negative patients,,,,,,,,,,,,,,,,,28,1,nothing,1,2
25/08/2020 15:21,25/08/2020 15:24,0,47.217.149.110,100,176,1,25/08/2020 15:24,R_1mrthOpGQjwy4RM,,,,,35.74450684,-95.3451004,anonymous,EN,,,Ava,,,,,,,,,,,,,,,,,,,1,2,2,Anne had known the Homestead flour had traces of hazelnuts,1,1,7,Sandra had used the White Mill flour,26,2,N/A,3,2
25/08/2020 15:38,25/08/2020 15:41,0,76.188.236.153,100,218,1,25/08/2020 15:41,R_2bZ57JmVtPcupaP,,,,,41.23069763,-80.4539032,anonymous,EN,,,,Noah,,,,,,,,,,1,2,3,"If Bob had just kept ordering Vitax instead of going with the cheaper alternative Nutrit, the China roses would not have died.",1,1,7,"If Alex had continued to use Flora instead of switching to Splendor, the Bourbon roses would not have died.",,,,,,,,,32,1,,2,1
25/08/2020 15:37,25/08/2020 15:43,0,179.66.202.21,100,368,1,25/08/2020 15:43,R_4NEM4nPQkChesFP,,,,,-7.997406006,-34.87309265,anonymous,EN,,,Ava,,,1,2,5,"If DR. Jones had studied the side effects of “Afibo” before administering it to the patient he would've administered ""Heparin"" instead of ""Afibo"", the patient would not have suffered leg cramps.",1,1,7,"If Dr. Smith administered 'Sanguin' instead of 'Corus', the patient would not have suffered leg cramps",,,,,,,,,,,,,,,,,34,1,,1,2
25/08/2020 15:51,25/08/2020 15:53,0,98.235.48.150,100,126,1,25/08/2020 15:53,R_SMG9AmQoxvflzKp,,,,,40.2743988,-76.70619965,anonymous,EN,,,,,James,,,,,,,,,1,2,4,"Bob had not used the Nutrit, but instead used Vitax",1,1,6,Alex had used the Flora instead of Splendor,,,,,,,,,48,1,,2,1
25/08/2020 15:51,25/08/2020 15:55,0,103.58.65.239,100,275,1,25/08/2020 15:55,R_25Kkd35jA6qpwdu,,,,,10.95770264,78.08099365,anonymous,EN,LIAM,,,,,,,,,,,,,,,,,,,,,,,,,,,,,,,,,
25/08/2020 16:01,25/08/2020 16:10,0,122.164.203.175,100,541,1,25/08/2020 16:10,R_3MgPXuDXhdwIe2q,,,,,13.08599854,80.27508545,anonymous,EN,Emma,,,,,,,,,,,,,1,2,7,bob only reason for china roses died  ,1,2,7,alex know the splendor was harms bourbon roses than why he using this fertilizer ,,,,,,,,,32,1,nothing,2,2
25/08/2020 16:10,25/08/2020 16:13,0,69.249.77.179,100,176,1,25/08/2020 16:13,R_2uTJzkGGdG8Qb5i,,,,,40.02549744,-75.05339813,anonymous,EN,,Benjamin,,,,1,2,5,Dr. Jones had done research into Afibo's side effects,1,1,7,Dr. Smith had administered Sanguin instead of Corus,,,,,,,,,,,,,,,,,28,2,,1,1
25/08/2020 16:11,25/08/2020 16:17,0,70.174.112.136,100,393,1,25/08/2020 16:17,R_1pL7fx7VON20gNd,,,,,37.11000061,-76.5114975,anonymous,EN,Emma,,,,,,,,,,,,,1,2,1,Bob was trying not to save money,1,1,6,Alex did not want to save money ,,,,,,,,,28,1,,2,2
25/08/2020 16:19,25/08/2020 16:24,0,174.96.185.50,100,293,1,25/08/2020 16:24,R_1dtbnLC59F1knKm,,,,,40.07319641,-82.40170288,anonymous,EN,,,,Noah,,,,,,,,,,,,,,,,,,1,2,5,Anne had known about the flour conatinaing nuts she would not have used it and,1,1,7,Sandra had not used the flour,35,1,,3,2
25/08/2020 16:17,25/08/2020 16:26,0,46.12.140.5,100,530,1,25/08/2020 16:26,R_8bTH9ISimLAuyVH,,,,,40.6381073,22.94549561,anonymous,EN,,,,,James,,,,,,,,,,,,,,,,,1,2,6,If Anne had been informed better about the ingredients of the “Homestead” flour she could say something about it to the customer to keep him safe.,1,1,7,Is Sandra was more honest about the ingredients of the flour to the customer or if she was less greedy and she still used the expensive flour without the traces of walnuts the customer would be safe.,42,1,No issues with the survey.,3,1
25/08/2020 16:27,25/08/2020 16:29,0,71.15.43.201,100,137,1,25/08/2020 16:29,R_3I3IPUMkSxmXHRY,,,,,30.27909851,-89.76789856,anonymous,EN,,Benjamin,,,,1,2,4,The doctor could have done more research on the medication before prescribing it.,1,1,7,The doctor could have prescribed the drug that didn't cause leg cramps. It would have cost more but would have avoided this.,,,,,,,,,,,,,,,,,36,1,,1,1
25/08/2020 16:16,25/08/2020 16:31,0,93.41.0.102,100,891,1,25/08/2020 16:31,R_3R3n2Ie7sf2oSzP,,,,,45.64830017,13.77459717,anonymous,EN,, to Benjamin,,,,,,,,,,,,1,2,2,Bob had known about the negative effects of Nutrit and he wouldn't use it on China roses,1,1,7,hadn't used Splendor,,,,,,,,,36,1,I had no issues ,2,2
25/08/2020 16:30,25/08/2020 16:34,0,216.36.15.162,100,229,1,25/08/2020 16:34,R_1NqPn9tmfVSbyhv,,,,,38.2572937,-76.44979858,anonymous,EN,,,,Noah,,1,2,3,"Dr. Jones did not administer ""Afibo""",1,1,6,"Dr. Smith used the drug ""Sanguin"" instead of ""Corus""",,,,,,,,,,,,,,,,,22,1,,1,1
25/08/2020 16:28,25/08/2020 16:34,0,47.210.3.243,100,359,1,25/08/2020 16:34,R_2pPsqCwqziJNwjE,,,,,32.543396,-93.70110321,anonymous,EN,,Benjamin,,,,,,,,,,,,1,2,7,"If Bob had researched the effects of Nutrit on China roses before using it, he would not have used it and none of the China roses would have died.",1,1,7,If Alex hadn't used the Splendor fertilizer on the Bourbon roses none of the roses would have died.,,,,,,,,,57,1,,2,2
25/08/2020 16:32,25/08/2020 16:35,0,67.8.193.168,100,167,1,25/08/2020 16:35,R_1cSrm5oYeVYD3Oa,,,,,28.90249634,-81.2480011,anonymous,EN,,,,,James,,,,,,,,,,,,,,,,,1,2,2,information about the nuts was known by the manager,1,1,6,Sandra advised the customer that the new flour contained walnuts,50,2,,3,2
25/08/2020 16:28,25/08/2020 16:35,0,98.113.31.64,100,410,1,25/08/2020 16:35,R_31GIwP974snPVEy,,,,,40.72599792,-73.84799957,anonymous,EN,,,Ava,,,,,,,,,,,,,,,,,,,1,2,7,"Anne could have investigated the contents of the new flour before using it. If she was switching ingredients, she had a responsibility to know what was in the replacement that she was baking with.",1,1,7,Sandra could have just used the other flour. She should have been more careful since she knew she was baking an allergy friendly cake.,30,1,,3,1
25/08/2020 16:33,25/08/2020 16:36,0,98.220.230.70,100,170,1,25/08/2020 16:36,R_Pvo2gaYAl3RhTot,,,,,42.04870605,-87.89050293,anonymous,EN,Emma,,,,,,,,,,,,,1,2,1,the botanical garden did not switch fertilizers ,1,1,7,Alex did not use the Splendor fertilizer,,,,,,,,,25,1,,2,2
25/08/2020 16:28,25/08/2020 16:38,0,76.223.233.224,100,603,1,25/08/2020 16:38,R_2pXh7E35qWcwF8D,,,,,30.75439453,-88.26599884,anonymous,EN,,,,Noah,,1,2,3,Someone could have notified Dr. Jones about the possibility of leg cramps or Dr. Jones could have researched more before giving the drug to people.,1,1,4,The doctor could have given them the more expensive medicine that would not cause leg cramps.,,,,,,,,,,,,,,,,,29,1,,1,1
25/08/2020 16:36,25/08/2020 16:39,0,67.8.193.168,100,215,1,25/08/2020 16:39,R_2fJve9C8KcblUP1,,,,,28.90249634,-81.2480011,anonymous,EN,,Benjamin,,,,1,2,1,the doctor  would have known it caused leg cramps ,1,1,5,the doctor would have advised the patient medicine caused leg cramps then ,,,,,,,,,,,,,,,,,50,2,,1,2
25/08/2020 16:41,25/08/2020 16:45,0,74.90.245.167,100,267,1,25/08/2020 16:45,R_1rNQl9ctdmL24YT,,,,,40.64619446,-73.9559021,anonymous,EN,,,,Noah,,,,,,,,,,,,,,,,,,1,2,6,Anne had stuck to the known flour that does not have any traces of hazelnuts,1,1,7,had used the flower that she knows is not contain traces of nuts,40,1,,3,1
25/08/2020 17:06,25/08/2020 17:09,0,98.1.75.175,100,192,1,25/08/2020 17:09,R_3PNx3Es498abhoz,,,,,43.09300232,-78.96350098,anonymous,EN,,,Ava,,,1,2,2,"He would have sticked to the normal drug, then the patient would not have suffered leg cramps.",1,1,7,She would have presecribed the other drug the patient would not have suffered leg cramps.,,,,,,,,,,,,,,,,,37,1,,1,1
25/08/2020 16:26,25/08/2020 17:10,0,157.50.134.141,100,2662,1,25/08/2020 17:10,R_1MYSHFFHUtpsHx9,,,,,13.08599854,80.27508545,anonymous,EN,Emma,,,,,,,,,,,,,1,2,1,"If Bob avoided the new fertilizer Nutrit, the China roses would not have died.",1,1,7,"If Alex avoided the new fertilizer Splendor, the Bourbon roses would not have died.",,,,,,,,,35,1,,2,2
25/08/2020 17:51,25/08/2020 17:54,0,74.101.53.83,100,223,1,25/08/2020 17:54,R_OwJh9czD5ryTQk1,,,,,40.61860657,-73.92720032,anonymous,EN,,,,Noah,,1,2,4,he was a better doctor he would have done more research on it and kept both brands,1,1,7,He would have kept both brands,,,,,,,,,,,,,,,,,32,1,,1,2
25/08/2020 17:54,25/08/2020 17:56,0,47.35.82.159,100,121,1,25/08/2020 17:56,R_eXofsSEj03g4cSJ,,,,,43.96969604,-86.4417038,anonymous,EN,,,Ava,,,,,,,,,,,,,,,,,,,1,2,3,Anne had been notified that the bakery switched flour brands,1,1,7,Sandra had not used the new flour,26,2,,3,1
25/08/2020 17:46,25/08/2020 17:58,0,98.204.255.222,100,669,1,25/08/2020 17:58,R_2R2pvJzMmreg1F3,,,,,39.62489319,-75.83509827,anonymous,EN,Emma,,,,,,,,,,,,,1,2,2,Bob did research on Nutrit,1,1,7,Alex didn't use Splendor,,,,,,,,,30,1,None,2,2
25/08/2020 17:58,25/08/2020 18:02,0,73.27.169.219,100,269,1,25/08/2020 18:02,R_1OQepYI0lVDwEx5,,,,,40.75950623,-86.35959625,anonymous,EN,Emma,,,,,,,,,,,,,1,2,6,"Bob had researched the new fertilizer and done his job properly, the China roses would not have died.",1,1,7,"John had been a capable manger and conscientious employee, the Bourbon roses would not have died.",,,,,,,,,40,2,,2,1
25/08/2020 14:21,25/08/2020 14:31,0,210.16.85.6,19,578,0,26/08/2020 09:48,R_DB0jo7ozKxHrvOx,,,,,,,anonymous,EN,Emma,,,,,1,2,5,no move any leg,1,1,,,,,,,,,,,,,,,,,,,,,,1,1
25/08/2020 15:55,25/08/2020 15:56,0,103.58.65.239,84,41,0,26/08/2020 09:48,R_11bZzmgFdynmsFh,,,,,,,anonymous,EN,,,,,JAMES,,,,,,,,,,,,,,,,,,,,,1,2,,,,,,3,2
25/08/2020 16:09,25/08/2020 16:10,0,75.97.235.116,74,99,0,26/08/2020 09:48,R_2D0IUjA60u10drc,,,,,,,anonymous,EN,,,,Noah,,,,,,,,,,,,,,,,,,1,2,1,the bakery manager had told Anne about the new flour,,,,,,,,3,1
25/08/2020 17:43,25/08/2020 17:46,0,73.3.216.2,70,151,0,26/08/2020 09:48,R_1pXpKs0LYO8Rsfy,,,,,,,anonymous,EN,,,,Noah,,,,,,,,,,,,,,,,,,1,2,,,,,,,,,,3,1
25/08/2020 15:32,25/08/2020 15:46,0,173.187.5.173,7,859,0,26/08/2020 09:48,R_2VqAnKBOiBWh68y,,,,,,,anonymous,EN,Emma,,,,,,,,,,,,,,,,,,,,,,,,,,,,,,,,,
25/08/2020 15:39,25/08/2020 15:41,0,68.118.97.173,22,112,0,26/08/2020 09:48,R_2OYYsjP9qw5PH9k,,,,,,,anonymous,EN,Emma,,,,,,,,,,,,,,,,,,,,,,,,,,,,,,,,1,2
25/08/2020 14:56,25/08/2020 14:57,0,47.30.220.207,22,61,0,26/08/2020 09:48,R_3kI1Y3LZ5ke0y1Q,,,,,,,anonymous,EN,,,Ava,,,,,,,,,,,,,,,,,,,,,,,,,,,,,,1,2
25/08/2020 14:15,25/08/2020 14:17,0,72.241.62.50,40,120,0,26/08/2020 09:48,R_1Q4rMU2XaCDOdDX,,,,,,,anonymous,EN,,,Ava,,,,,,,,,,,1,1,,,,,,,,,,,,,,,,,,2,1
25/08/2020 15:39,25/08/2020 15:39,0,173.164.123.77,81,14,0,26/08/2020 09:48,R_3OiYBeAgn2dAPdx,,,,,,,anonymous,EN,,,,Noah,,,,,,,,,,,,,,,,,,,,,,,,,,,,,3,2
25/08/2020 14:13,25/08/2020 14:17,0,24.140.34.25,89,242,0,26/08/2020 09:48,R_2duy6GJyYFZwEUG,,,,,,,anonymous,EN,,Benjamin,,,,,,,,,,,,,,,,,,,,,,,,1,1,7,"Sandra had not deceived the customer then,",,,,3,2
25/08/2020 14:22,25/08/2020 14:23,0,216.186.159.106,37,95,0,26/08/2020 09:48,R_2z5Uqm8AW7WoJHp,,,,,,,anonymous,EN,,,,Noah,,,,,,,,,,,,,,,,,,,,,,,,,,,,,2,1
25/08/2020 14:26,25/08/2020 14:28,0,72.68.27.29,84,71,0,26/08/2020 09:48,R_1libKtgSOuWQDgg,,,,,,,anonymous,EN,,,,Noah,,,,,,,,,,,,,,,,,,,,,,1,1,,,,,,3,2
25/08/2020 14:28,25/08/2020 14:29,0,24.239.91.36,81,14,0,26/08/2020 09:48,R_3frxSiIc8mMvXt1,,,,,,,anonymous,EN,,,,,James,,,,,,,,,,,,,,,,,,,,,,,,,,,,3,2
25/08/2020 15:38,25/08/2020 15:41,0,107.185.127.204,16,195,0,26/08/2020 09:48,R_3Di1eoNi2jpceER,,,,,,,anonymous,EN,,Benjamin,,,,1,2,2,he or she makes lifestyle changes,,,,,,,,,,,,,,,,,,,,,,,,1,1
25/08/2020 15:27,25/08/2020 15:54,0,173.12.182.177,37,1618,0,26/08/2020 09:48,R_xsyIh746Jv0PYUF,,,,,,,anonymous,EN,,,Ava,,,,,,,,,,,,,,,,,,,,,,,,,,,,,,2,1
25/08/2020 15:56,25/08/2020 15:57,0,47.203.91.64,8,27,0,26/08/2020 09:48,R_31syogFtJXSGIKw,,,,,,,anonymous,EN,Emma,,,,,,,,,,,,,,,,,,,,,,,,,,,,,,,,1,1
