StartDate,EndDate,Status,IPAddress,Progress,Duration (in seconds),Finished,RecordedDate,ResponseId,RecipientLastName,RecipientFirstName,RecipientEmail,ExternalReference,LocationLatitude,LocationLongitude,DistributionChannel,UserLanguage,Q37,Q38,Q39,Q40,Q41,H_Check_fact_1,H_Check_test_1,H_Check_read_1,H_Check_know_1,H_C_1_1,H_CF_1,H_K_1_1,H_B_1_1,H_Check_fact_2,H_Check_test_2,H_Check_read_2,H_Check_know_2,H_C_2_1,H_CF_2,H_K_2_1,H_B_2_1,G_Check_fact_1,G_Check_test_1,G_Check_read_1,G_Check_know_1,G_C_1_1,G_CF_1,G_K_1_1,G_B_1_1,G_Check_fact_2,G_Check_test_2,G_Check_read_2,G_Check_know_2,G_C_2_1,G_CF_2,G_K_2_1,G_B_2_1,B_Check_fact_1,B_Check_test_1,B_Check_read_1,B_Check_know_1,B_C_1_1,B_CF_1,B_K_1_1,B_B_1_1,B_Check_fact_2,B_Check_test_2,B_Check_read_2,B_Check_know_2,B_C_2_1,B_CF_2,B_K_2_1,B_B_2_1,Age,Gender,Q390,condition,order
Start Date,End Date,Response Type,IP Address,Progress,Duration (in seconds),Finished,Recorded Date,Response ID,Recipient Last Name,Recipient First Name,Recipient Email,External Data Reference,Location Latitude,Location Longitude,Distribution Channel,User Language,"Are you a bot?

 

Liam says to Emma: ""It's a beautiful day, isn't it?""
 

Who is Liam talking to? (case sensitive)","Are you a bot?

 

Mia says to Benjamin: ""It's a beautiful day, isn't it?""
 

Who is Mia talking to? (case sensitive)","Are you a bot?

 

William says to Ava: ""It's a beautiful day, isn't it?""
 

Who is William talking to? (case sensitive)","Are you a bot?

 

Amelia says to Noah: ""It's a beautiful day, isn't it?""
 

Who is Amelia talking to? (case sensitive)","Are you a bot?

 

Evelyn says to James: ""It's a beautiful day, isn't it?""
 

Who is Evelyn talking to? (case sensitive)","Please answer the following questions: 

 

The new blood-thinning drug ""Afibo""...",From the ten e-mails with the test results ...,Dr Jones ...,Dr Jones ...,"Please rate how much you agree or disagree with the following statement: 



                        “Dr Jones caused the patient's leg cramps.”","The next question is concerned with your thoughts about how the course of events in the scenario you just read could have gone differently.

 

In the following text box, we would like you to write down what could have gone differently so that the patient would not have suffered mild leg cramps. 

 


(Your answer can be as short or long as you want; it does not need to fit exactly into the structure of the following example sentence.)

 


""If __________________________________, the patient would not have suffered leg cramps.""","Please rate how much you agree or disagree with the following statement: 

 

“Dr Jones could have known that Afibo causes mild leg cramps.”","Please indicate your tendency to the following question:

 

""How blameworthy is Dr Jones for not knowing that Afibo causes mild leg cramps?""","Please answer the following questions: 

 

The new blood-thinning drug ""Corus""...",From the ten e-mails with the test results ...,Dr Smith ...,Dr Smith ...,"Please rate how much you agree or disagree with the following statement: 



                    “Dr Smith caused the patient's leg cramps.”","The next question is concerned with your thoughts about how the course of events in the scenario you just read could have gone differently.

 

In the following text box, we would like you to write down what could have gone differently so that the patient would not have suffered mild leg cramps. 

 


(Your answer can be as short or long as you want; it does not need to fit exactly into the structure of the following example sentence.)

 


""If __________________________________, the patient would not have suffered leg cramps.""","Please rate how much you agree or disagree with the following statement:


 

“Dr Smith could have known that Corus causes mild leg cramps.”","Please indicate your tendency with the following question:

 

""How blameworthy is Dr Smith for not knowing that Corus causes mild leg cramps?""","Please answer the following questions: 

 

 The new fertilizer ""Splendor""...",From the ten e-mails with the test results ...,Alex ...,Alex ...,"Please rate how much you agree or disagree with the following statement: 



                  “Alex caused the Bourbon roses to die.”","The next question is concerned with your thoughts about how the course of events in the scenario you just read could have gone differently.

 

In the following text box, we would like you to write down what could have gone differently so that the Bourbon roses would not have died.

 


(Your answer can be as short or long as you want; it does not need to fit exactly into the structure of the following example sentence.)

 


""If __________________________________, the Bourbon roses would not have died.""","Please rate how much you agree or disagree with the following statement:

 

                 “Alex could have known that Splendor harms Bourbon roses.”","Please indicate your tendency towards the following question:

 

""How blameworthy is Alex for not knowing that Splendor harms Bourbon roses?""","Please answer the following questions: 

 

 The new fertilizer ""Nutrit""...",From the ten e-mails with the test results ...,Bob ...,Bob ...,"Please rate how much you agree or disagree with the following statement: 



                         “Bob caused the China roses to die.”","The next question is concerned with your thoughts about how the course of events in the scenario you just read could have gone differently.

 In the following text box, we would like you to write down what could have gone differently so that the China roses would not have died. (Your answer can be as short or long as you want; it does not need to fit exactly into the structure of the following example sentence.) ""If __________________________________, the China roses would not have died.""","Please rate how much you agree or disagree with the following statement:

 

                       “Bob could have known that Nutrit harms China roses.”","Please indicate your tendency towards the following question:

 

""How blameworthy is Bob for not knowing that Nutrit harms China roses?""","Please answer the following questions: 



The new flour of the brand ""Harvest""...","From the ten e-mails with the test results, ...",Sandra ...,Sandra ...,"Please rate how much you agree or disagree with the following statement: 



                          “Sandra caused the customer's allergic reaction.”","The next question is concerned with your thoughts about how the course of events in the scenario you just read could have gone differently.

 

In the following text box, we would like you to write down what could have gone differently so that the customer would not have suffered an allergic reaction.

 


(Your answer can be as short or long as you want; it does not need to fit exactly into the structure of the following example sentence.)

 


""If ____________________________, the customer would not have suffered an allergic reaction.""","Please rate how much you agree or disagree with the following statement: 

 

              “Sandra could have known that Harvest contains traces of walnuts.""","Please indicate your tendency towards the following question:

 
""How blameworthy is Sandra for not knowing that Harvest contains traces of walnuts?""","Please answer the following questions: 



The new flour of the brand ""Homestead"" ...","From the ten e-mails with the test results, ...",Anne...,Anne ...,"Please rate how much you agree or disagree with the following statement: 



                         “Anne caused the customer's allergic reaction.”","The next question is concerned with your thoughts about how the course of events in the scenario you just read could have gone differently. In the following text box, we would like you to write down what could have gone differently so that the customer would not have suffered an allergic reaction. (Your answer can be as short or long as you want; it does not need to fit exactly into the structure of the following example sentence.) ""If ____________________________, the customer would not have suffered an allergic reaction.""","Please rate how much you agree or disagree with the following statement: 

 

              “Anne could have known that Homestead contains traces of hazelnuts.""","Please indicate your tendency towards the following question:

 

""How blameworthy is Anne for not knowing that Homestead contains traces of hazelnuts?""","What is your age? (U.S. Census, 9 Categories)",What is your gender?,"Please comment if you had any issues with the survey.
Then click on the arrow to receive your payment code.",condition,order
"{""ImportId"":""startDate"",""timeZone"":""Europe/London""}","{""ImportId"":""endDate"",""timeZone"":""Europe/London""}","{""ImportId"":""status""}","{""ImportId"":""ipAddress""}","{""ImportId"":""progress""}","{""ImportId"":""duration""}","{""ImportId"":""finished""}","{""ImportId"":""recordedDate"",""timeZone"":""Europe/London""}","{""ImportId"":""_recordId""}","{""ImportId"":""recipientLastName""}","{""ImportId"":""recipientFirstName""}","{""ImportId"":""recipientEmail""}","{""ImportId"":""externalDataReference""}","{""ImportId"":""locationLatitude""}","{""ImportId"":""locationLongitude""}","{""ImportId"":""distributionChannel""}","{""ImportId"":""userLanguage""}","{""ImportId"":""QID37_TEXT""}","{""ImportId"":""QID38_TEXT""}","{""ImportId"":""QID39_TEXT""}","{""ImportId"":""QID40_TEXT""}","{""ImportId"":""QID41_TEXT""}","{""ImportId"":""QID433""}","{""ImportId"":""QID466""}","{""ImportId"":""QID356""}","{""ImportId"":""QID454""}","{""ImportId"":""QID173_1""}","{""ImportId"":""QID441_TEXT""}","{""ImportId"":""QID461_1""}","{""ImportId"":""QID456_1""}","{""ImportId"":""QID435""}","{""ImportId"":""QID467""}","{""ImportId"":""QID398""}","{""ImportId"":""QID457""}","{""ImportId"":""QID400_1""}","{""ImportId"":""QID444_TEXT""}","{""ImportId"":""QID458_1""}","{""ImportId"":""QID459_1""}","{""ImportId"":""QID437""}","{""ImportId"":""QID468""}","{""ImportId"":""QID403""}","{""ImportId"":""QID470""}","{""ImportId"":""QID405_1""}","{""ImportId"":""QID446_TEXT""}","{""ImportId"":""QID471_1""}","{""ImportId"":""QID472_1""}","{""ImportId"":""QID439""}","{""ImportId"":""QID474""}","{""ImportId"":""QID408""}","{""ImportId"":""QID475""}","{""ImportId"":""QID410_1""}","{""ImportId"":""QID448_TEXT""}","{""ImportId"":""QID476_1""}","{""ImportId"":""QID477_1""}","{""ImportId"":""QID423""}","{""ImportId"":""QID478""}","{""ImportId"":""QID413""}","{""ImportId"":""QID479""}","{""ImportId"":""QID415_1""}","{""ImportId"":""QID450_TEXT""}","{""ImportId"":""QID480_1""}","{""ImportId"":""QID481_1""}","{""ImportId"":""QID426""}","{""ImportId"":""QID482""}","{""ImportId"":""QID428""}","{""ImportId"":""QID483""}","{""ImportId"":""QID430_1""}","{""ImportId"":""QID452_TEXT""}","{""ImportId"":""QID484_1""}","{""ImportId"":""QID485_1""}","{""ImportId"":""QID421_TEXT""}","{""ImportId"":""QID422""}","{""ImportId"":""QID390_TEXT""}","{""ImportId"":""condition""}","{""ImportId"":""order""}"
2020-10-15 17:59:54,2020-10-15 18:00:35,0,68.202.37.26,100,41,1,2020-10-15 18:00:35,R_21v4v1jQbZAavPM,,,,,29.042205810546875,-81.2863006591796875,anonymous,EN,,benjamin,,,,,,,,,,,,,,,,,,,,,,,,,,,,,,,,,,,,,,,,,,,,,,,,,,,,,,,,
2020-10-15 18:00:16,2020-10-15 18:01:30,0,122.174.227.38,100,74,1,2020-10-15 18:01:31,R_b7tnqh4VEgArglP,,,,,13.087799072265625,80.27850341796875,anonymous,EN,emma,,,,,,,,,,,,,,,,,,,,,,,,,,,,,,,,,,,,,,,,,,,,,,,,,,,,,,,,,
2020-10-15 18:00:01,2020-10-15 18:03:33,0,47.35.194.33,100,211,1,2020-10-15 18:03:33,R_31XwmhSxms5Jypo,,,,,35.0460052490234375,-81.9810028076171875,anonymous,EN,,Benjamin,,,,,,,,,,,,,,,,,,,,1,1,1,2,7,Alex had read all of his emails,6,6,1,2,1,2,7,Bob had checked all of his emails,7,7,,,,,,,,,,,,,,,,,45,2,,2,2
2020-10-15 18:00:05,2020-10-15 18:03:34,0,97.81.175.24,100,208,1,2020-10-15 18:03:34,R_3PFS3yU2eKrbLOd,,,,,36.217803955078125,-85.54229736328125,anonymous,EN,,,,Noah,,,,,,,,,,,,,,,,,,,,,,,,,,,,,,,,,,1,1,1,2,1,Sandra knew there were nuts,1,1,1,2,1,2,4,Anne had checked further,4,4,53,1,,3,1
2020-10-15 18:03:18,2020-10-15 18:03:52,0,172.241.186.181,100,33,1,2020-10-15 18:03:52,R_2AXYhOC3Cy30gsC,,,,,37.751007080078125,-97.82199859619140625,anonymous,EN,yes,,,,,,,,,,,,,,,,,,,,,,,,,,,,,,,,,,,,,,,,,,,,,,,,,,,,,,,,,
2020-10-15 18:00:02,2020-10-15 18:03:52,0,173.54.214.132,100,229,1,2020-10-15 18:03:52,R_2w17wphuD1W8smF,,,,,40.7303924560546875,-74.27269744873046875,anonymous,EN,Emma,,,,,1,2,1,1,6,good activity.,7,6,2,1,2,1,6,good activity.,7,7,,,,,,,,,,,,,,,,,,,,,,,,,,,,,,,,,28,1,Thanks,1,1
2020-10-15 17:59:51,2020-10-15 18:03:53,0,72.185.190.207,100,242,1,2020-10-15 18:03:54,R_2CcSTUBqD79wzf4,,,,,28.2136993408203125,-82.68090057373046875,anonymous,EN,,,,Noah,,,,,,,,,,,,,,,,,,1,1,1,2,2,Alex had read more than 1 email,2,2,1,2,1,2,3,Bob had read more than just one email,6,2,,,,,,,,,,,,,,,,,47,1,none,2,2
2020-10-15 17:59:48,2020-10-15 18:04:02,0,174.100.13.61,100,253,1,2020-10-15 18:04:02,R_2awZhU6PCDnccXO,,,,,42.0753021240234375,-80.06710052490234375,anonymous,EN,Emma,,,,,,,,,,,,,,,,,,,,,,,,,,,,,,,,,,,,,1,1,2,1,1,"Sandra would have drawn conclusions based on the first nine and not ignore anomalies ",7,1,1,1,1,2,7,Anne would have not made assumptions based on the first email and ignore the others,7,7,30,1,,3,2
2020-10-15 18:03:01,2020-10-15 18:04:09,0,69.174.167.226,100,68,1,2020-10-15 18:04:10,R_3DkLuzH0nksY1Sw,,,,,38.01519775390625,-84.48940277099609375,anonymous,EN,Emma,,,,,,,,,,,,,,,,,,,,,1,1,1,2,5,he knew better,3,5,1,2,2,1,3,did better,5,3,,,,,,,,,,,,,,,,,29,1,,2,1
2020-10-15 18:00:46,2020-10-15 18:04:29,0,24.180.138.70,100,223,1,2020-10-15 18:04:29,R_1F5LIf6EBd3PtUs,,,,,43.1772003173828125,-85.2472991943359375,anonymous,EN,,,,Noah,,,,,,,,,,,,,,,,,,,,,,,,,,,,,,,,,,1,1,1,2,7,Sandra would have checked all of her emails.,7,7,1,2,1,2,7,Anne would have looked at other emails,7,7,39,1,,3,1
2020-10-15 17:59:44,2020-10-15 18:04:35,0,64.83.232.16,100,290,1,2020-10-15 18:04:36,R_24d6aJVlu06oTUz,,,,,44.04840087890625,-92.4947967529296875,anonymous,EN,,,,Noah,,,,,,,,,,,,,,,,,,,,,,,,,,,,,,,,,,1,1,1,2,6,Sandra knows that the 'Harvest' flour contains traces of walnuts,6,6,1,2,1,2,6,"Anne knows that the 'Homestead' flour contains traces of hazelnuts,",6,6,44,1,,3,1
2020-10-15 17:59:54,2020-10-15 18:04:46,0,67.0.230.72,100,292,1,2020-10-15 18:04:46,R_RfpUPzOcApaImNr,,,,,35.187103271484375,-106.66590118408203125,anonymous,EN,,,,,James,,,,,,,,,,,,,,,,,1,1,1,2,6,"If Alex had read all of the emails, the Bourbon roses would not have died.",5,6,1,2,1,2,6,"If Bob had checked all the emails before using the Nutrit, the China roses would not have died.",7,6,,,,,,,,,,,,,,,,,36,1,,2,2
2020-10-15 18:00:42,2020-10-15 18:05:01,0,67.249.186.196,100,259,1,2020-10-15 18:05:01,R_3Gk6PydSMWKIKVT,,,,,43.03070068359375,-74.98760223388671875,anonymous,EN,,,,,James,1,1,1,2,4,not for the medicine,7,7,1,2,1,2,4,not for the medicine,7,7,,,,,,,,,,,,,,,,,,,,,,,,,,,,,,,,,36,1,,1,2
2020-10-15 18:03:28,2020-10-15 18:05:09,0,98.220.230.70,100,100,1,2020-10-15 18:05:09,R_1f9NjDBvErTDHqg,,,,,42.0487060546875,-87.8905029296875,anonymous,EN,,Benjamin,,,,,,,,,,,,,,,,,,,,1,1,1,2,7,he had read all ten emails,7,7,1,2,1,2,7,he had read any of the other emails,7,7,,,,,,,,,,,,,,,,,25,1,,2,1
2020-10-15 18:00:12,2020-10-15 18:05:45,0,24.105.199.58,100,333,1,2020-10-15 18:05:45,R_2Yn8klM1i1UR37b,,,,,42.247802734375,-73.753997802734375,anonymous,EN,,,,,James,1,1,1,2,5,Dr Jones would have looked at all 10 e-mails and took precaution,7,7,1,2,1,2,7,Dr Smith would have looked into all the 10 e-mails and took precaution,7,7,,,,,,,,,,,,,,,,,,,,,,,,,,,,,,,,,24,2,,1,1
2020-10-15 18:02:42,2020-10-15 18:06:15,0,73.152.56.226,100,212,1,2020-10-15 18:06:15,R_1r1EYEXDGXMLOoA,,,,,37.5146942138671875,-77.5034027099609375,anonymous,EN,,,,Noah,,1,1,1,1,4,Have thought about using different meds,4,4,2,2,2,1,4,used a different meds,4,5,,,,,,,,,,,,,,,,,,,,,,,,,,,,,,,,,34,1,,1,1
2020-10-15 18:00:39,2020-10-15 18:06:16,0,66.116.30.107,100,337,1,2020-10-15 18:06:16,R_2WSiKWpHWJ8Q9OH,,,,,39.484893798828125,-88.1804962158203125,anonymous,EN,,,Ava,,,,,,,,,,,,,,,,,,,,,,,,,,,,,,,,,,,1,1,1,2,7,she would have been more careful,7,5,1,2,1,2,7,she would have been diligent,7,6,38,1,,3,2
2020-10-15 18:05:44,2020-10-15 18:06:18,0,45.87.214.42,100,34,1,2020-10-15 18:06:19,R_BDKoLgOpQj0wdJT,,,,,25.7805938720703125,-80.1826019287109375,anonymous,EN,,"It's a beautiful day, isn't it?",,,,,,,,,,,,,,,,,,,,,,,,,,,,,,,,,,,,,,,,,,,,,,,,,,,,,,,,
2020-10-15 18:00:37,2020-10-15 18:06:19,0,73.17.14.96,100,342,1,2020-10-15 18:06:19,R_xarRL54yDg10NAB,,,,,41.60260009765625,-72.97650146484375,anonymous,EN,,Benjamin,,,,,,,,,,,,,,,,,,,,,,,,,,,,,,,,,,,,1,1,1,2,4,"If Sandra had made sure to reach every email from the manufacturer before using the product like most people would, the customer would not have suffered an allergic reaction.",3,4,1,2,1,2,3,"If Anne had read every email about the product like a conscientious baker would, the customer would not have suffered an allergic reaction.",2,4,26,1,,3,2
2020-10-15 17:59:42,2020-10-15 18:06:54,0,24.113.232.44,100,431,1,2020-10-15 18:06:54,R_30wbsdl32fPcGjm,,,,,47.6620941162109375,-122.6981048583984375,anonymous,EN,,,,Noah,,1,1,1,2,1,we had regulation and actually tested drugs before drs prescribed them,1,1,1,2,1,2,1,trump hadnt turnd the fda into the federa;l dumbass admin,1,1,,,,,,,,,,,,,,,,,,,,,,,,,,,,,,,,,48,1,thanks for normalizing stupid,1,1
2020-10-15 18:04:06,2020-10-15 18:06:56,0,207.191.102.62,100,170,1,2020-10-15 18:06:56,R_2z85aqjhUuCDAEn,,,,,30.200897216796875,-93.44370269775390625,anonymous,EN,,,,,James,,,,,,,,,,,,,,,,,,,,,,,,,,,,,,,,,1,1,1,2,1,the emails made it clear that it contains traces of walnuts,1,1,1,2,1,2,4,the customer checked in on the other emails,7,5,29,1,,3,2
2020-10-15 18:05:14,2020-10-15 18:07:09,0,98.220.230.70,100,114,1,2020-10-15 18:07:09,R_2usMMdDRCltDzmJ,,,,,42.0487060546875,-87.8905029296875,anonymous,EN,,,,Noah,,,,,,,,,,,,,,,,,,1,1,1,2,7,he had read all ten emails,7,7,1,2,1,2,7,he had read any other of the emails,7,7,,,,,,,,,,,,,,,,,25,1,,2,1
2020-10-15 18:04:19,2020-10-15 18:07:16,0,131.93.146.161,100,176,1,2020-10-15 18:07:16,R_32IOtqsKhR1gIxf,,,,,46.4604034423828125,-90.16159820556640625,anonymous,EN,,Benjamin,,,,1,2,1,2,6,"the doctor just read all the emails. ",6,5,1,2,1,2,6,"The doctor read the whole email. ",7,5,,,,,,,,,,,,,,,,,,,,,,,,,,,,,,,,,26,1,,1,2
2020-10-15 18:00:00,2020-10-15 18:07:30,0,73.85.91.243,100,450,1,2020-10-15 18:07:31,R_2s4O48NdorPVgDm,,,,,26.6641998291015625,-80.1732025146484375,anonymous,EN,Emma,,,,,,,,,,,,,,,,,,,,,1,1,1,2,2,"If the botanical garden communicated more effectively with Alex, the Bourbon roses would not have died",6,2,1,2,1,2,2,"If the botanical garden communicated more effectively to its employees, the China roses would not have died.",2,1,,,,,,,,,,,,,,,,,23,1,Repetitive questions,2,2
2020-10-15 18:04:17,2020-10-15 18:07:39,0,104.176.26.78,100,202,1,2020-10-15 18:07:40,R_2TXBC57xfct3VXK,,,,,33.914093017578125,-84.82740020751953125,anonymous,EN,,Benjamin,,,,,,,,,,,,,,,,,,,,1,1,1,2,5,Alex had read all the emails,6,5,1,2,1,2,5,"Bob had looked at the rest of the emails, or all of the test results had been sent in a single email",7,6,,,,,,,,,,,,,,,,,27,2,,2,1
2020-10-15 18:02:18,2020-10-15 18:08:03,0,200.7.118.192,100,345,1,2020-10-15 18:08:04,R_abdOXqYCorJeAk9,,,,,-24.2884979248046875,-47.025604248046875,anonymous,EN,,,Ava,,,,,,,,,,,,,,,,,,,1,1,1,2,2,Alex didnt buy splendor,2,2,1,2,1,2,3,Bob researched more,4,4,,,,,,,,,,,,,,,,,18,1,,2,2
2020-10-15 18:00:00,2020-10-15 18:08:04,0,99.83.0.31,100,483,1,2020-10-15 18:08:04,R_2E5mEdIE3T3VaTq,,,,,34.6038055419921875,-118.22949981689453125,anonymous,EN,Emma,,,,,,,,,,,,,,,,,,,,,,,,,,,,,,,,,,,,,1,1,1,2,5,Sandra had kept up with reading the emails about walnut traces,7,6,1,2,1,2,7,Anne kept up with reading the emails that by majority say the flour has traces of hazelnut,7,7,38,1,,3,1
2020-10-15 18:07:23,2020-10-15 18:08:14,0,98.220.230.70,100,51,1,2020-10-15 18:08:15,R_z7Ko0uAynakRUHf,,,,,42.0487060546875,-87.8905029296875,anonymous,EN,,,Ava,,,,,,,,,,,,,,,,,,,1,1,1,2,7,he had read all ten emails,7,7,1,2,1,2,7,he had read the second email,7,7,,,,,,,,,,,,,,,,,25,1,,2,2
2020-10-15 18:05:23,2020-10-15 18:08:57,0,12.38.35.6,100,213,1,2020-10-15 18:08:57,R_3s6dFpFlGDVPfHu,,,,,28.552093505859375,-81.30100250244140625,anonymous,EN,,,,Noah,,1,2,1,2,5,payed more attention,4,5,1,1,1,2,5,were more careful,5,3,,,,,,,,,,,,,,,,,,,,,,,,,,,,,,,,,29,1,Great study.,1,2
2020-10-15 18:08:20,2020-10-15 18:09:27,0,98.220.230.70,100,67,1,2020-10-15 18:09:27,R_2VlKjKZrv0QE4uD,,,,,42.0487060546875,-87.8905029296875,anonymous,EN,,Benjamin,,,,,,,,,,,,,,,,,,,,1,1,1,2,7,"he had read all ten emails ",7,7,1,2,1,2,7,he had read any of the other emails,7,7,,,,,,,,,,,,,,,,,25,1,,2,2
2020-10-15 18:02:32,2020-10-15 18:10:45,0,23.119.201.59,100,493,1,2020-10-15 18:10:45,R_2BkwZfCi8FiQKwc,,,,,32.9073944091796875,-97.42569732666015625,anonymous,EN,,,,Noah,,,,,,,,,,,,,,,,,,,,,,,,,,,,,,,,,,1,1,1,2,7,If Sandra had been diligent and read all ten emails she would have know that the Harvest flour contained traces of walnuts and she could have used another flour and the customer would not have suffered an allergic reaction.,7,7,1,1,1,2,7,"If Anne had been thorough and diligent, she would have known that using the new flour contained traces of hazelnut and the customer would not have suffered an allergic reaction.",7,7,39,2,thank you,3,2
2020-10-15 18:00:08,2020-10-15 18:10:53,0,98.224.113.136,100,645,1,2020-10-15 18:10:53,R_8H2ptzvfbXlvGiR,,,,,36.9427947998046875,-120.0825958251953125,anonymous,EN,Emma,,,,,,,,,,,,,,,,,,,,,,,,,,,,,,,,,,,,,1,1,1,2,3,"If Sandra had read all of the emails, the customer would not have suffered an allergic reaction.",7,3,1,2,1,2,4,"If Anne had read more than one email, she would have known that the ""Homestead"" flour contained traces of hazelnuts and the customer would not have suffered an allergic reaction.",7,5,28,1,,3,2
2020-10-15 18:10:27,2020-10-15 18:11:15,0,98.220.230.70,100,48,1,2020-10-15 18:11:15,R_1hJXYacCEELN6r4,,,,,42.0487060546875,-87.8905029296875,anonymous,EN,Emma,,,,,,,,,,,,,,,,,,,,,,,,,,,,,,,,,,,,,1,1,1,2,7,she had checked all ten emails,7,7,1,2,1,2,7,she would have checked any of the other emails,7,7,25,1,,3,1
2020-10-15 18:06:21,2020-10-15 18:11:20,0,186.236.195.86,100,298,1,2020-10-15 18:11:20,R_3GiA3tO2sg0VooG,,,,,-5.8101043701171875,-35.2266998291015625,anonymous,EN,,Benjamin,,,,,,,,,,,,,,,,,,,,,,,,,,,,,,,,,,,,1,1,1,2,7,Sandra had looked at all the emails,7,7,1,2,1,2,7,Anne had looked at all the emails,7,7,25,1,,3,2
2020-10-15 18:11:06,2020-10-15 18:11:29,0,49.37.190.229,100,23,1,2020-10-15 18:11:29,R_28Pby7xUi7uWH2l,,,,,13.087799072265625,80.27850341796875,anonymous,EN,EMMA,,,,,,,,,,,,,,,,,,,,,,,,,,,,,,,,,,,,,,,,,,,,,,,,,,,,,,,,,
2020-10-15 18:06:37,2020-10-15 18:12:02,0,45.87.214.42,100,324,1,2020-10-15 18:12:02,R_se57hWlgwIUo7FD,,,,,25.7805938720703125,-80.1826019287109375,anonymous,EN,,,,,James,1,2,1,1,4,most pain for leg cramps,3,4,2,1,2,1,4,less pain leg cramps,3,4,,,,,,,,,,,,,,,,,,,,,,,,,,,,,,,,,29,1,it is interesting,1,1
2020-10-15 18:10:00,2020-10-15 18:12:13,0,122.164.237.116,100,133,1,2020-10-15 18:12:14,R_r1hGxf2b1vb5CyR,,,,,13.087799072265625,80.27850341796875,anonymous,EN,emma,,,,,,,,,,,,,,,,,,,,,,,,,,,,,,,,,,,,,,,,,,,,,,,,,,,,,,,,,
2020-10-15 18:11:51,2020-10-15 18:12:53,0,98.220.230.70,100,61,1,2020-10-15 18:12:53,R_rfgot8AL5FmaQAV,,,,,42.0487060546875,-87.8905029296875,anonymous,EN,,,,,James,,,,,,,,,,,,,,,,,,,,,,,,,,,,,,,,,1,1,1,2,7,she had read all ten emails,7,7,1,2,1,2,7,she had read any of the other emails,7,7,25,1,,3,2
2020-10-15 18:12:22,2020-10-15 18:13:03,0,122.164.237.116,100,41,1,2020-10-15 18:13:03,R_2Ym34ybFZLClbN0,,,,,13.087799072265625,80.27850341796875,anonymous,EN,,,Lizzie said,,,,,,,,,,,,,,,,,,,,,,,,,,,,,,,,,,,,,,,,,,,,,,,,,,,,,,,
2020-10-15 18:01:26,2020-10-15 18:13:20,0,223.182.217.48,100,713,1,2020-10-15 18:13:20,R_31MoQDLyrEt5l2g,,,,,11.342803955078125,77.727386474609375,anonymous,EN,,,,,James,,,,,,,,,,,,,,,,,,,,,,,,,,,,,,,,,1,1,1,2,5,"according to me,the reason for allergic reaction is harvest flour",1,5,1,2,1,2,6,anne is the main reason for allergic reaction,2,5,27,1,None,3,1
2020-10-15 18:05:55,2020-10-15 18:13:30,0,173.63.61.15,100,454,1,2020-10-15 18:13:30,R_3kcBpvCnDMa5dW5,,,,,40.9571990966796875,-74.160400390625,anonymous,EN,Emma,,,,,,,,,,,,,,,,,,,,,1,1,1,2,6,Alex would have read all ten emails,6,6,1,2,1,2,7,Bob would have read all of the emails instead of just one,7,6,,,,,,,,,,,,,,,,,57,2,"thanks, this was tricky but fun",2,1
2020-10-15 18:08:22,2020-10-15 18:13:58,0,209.58.147.238,100,336,1,2020-10-15 18:13:59,R_tS2nNVctnSn0md3,,,,,32.790802001953125,-96.8336029052734375,anonymous,EN,,,,,James,1,1,1,2,2,Dr. Jones had read all 10 emails,2,2,1,2,1,2,5,Dr. Smith had checked all 10 emails,2,7,,,,,,,,,,,,,,,,,,,,,,,,,,,,,,,,,26,2,,1,2
2020-10-15 18:06:31,2020-10-15 18:14:23,0,173.198.160.217,100,472,1,2020-10-15 18:14:24,R_3frR8p3FGA51MO7,,,,,43.9600982666015625,-111.69750213623046875,anonymous,EN,,,,Noah,,1,1,4,2,1,"the laboratory hadn't sent 10 different emails, and sent all information in the first one rather than the 10th one,",1,1,1,2,1,2,2,"the lab had sent all the information in the first email, then the Doctor would have known there were negative side effects and ",3,1,,,,,,,,,,,,,,,,,,,,,,,,,,,,,,,,,55,2,,1,2
2020-10-15 18:05:46,2020-10-15 18:14:58,0,76.23.185.18,100,551,1,2020-10-15 18:14:58,R_3nOBcz2mBQ3wx7h,,,,,41.577392578125,-73.02449798583984375,anonymous,EN,,,,,James,,,,,,,,,,,,,,,,,,,,,,,,,,,,,,,,,1,1,2,1,4,SANDRA HAD READ ALL THE EMAILS SHE WOULD HAVE KNOWN THERE WAS  A TRACE OF NUTS IN THE FLOUR,6,5,1,2,1,2,5,SHE HAD READ ALL THE EMAILS INSTEAD OF JUST ONE,6,6,45,2,,3,1
2020-10-15 18:11:55,2020-10-15 18:15:43,0,67.140.45.143,100,228,1,2020-10-15 18:15:43,R_2R23sJtci8axz32,,,,,31.1822967529296875,-83.76409912109375,anonymous,EN,,,Ava,,,,,,,,,,,,,,,,,,,1,2,1,1,6,Alex didn't buy the cheaper product Splendor to replace a higher version Flora,3,4,1,1,2,2,5,"If Vitax wasn't replaced for the new fertilizer ""Nutrit"" ",6,3,,,,,,,,,,,,,,,,,25,1,,2,2
2020-10-15 18:06:38,2020-10-15 18:15:44,0,108.219.50.205,100,545,1,2020-10-15 18:15:44,R_11gpcLYwuqcxLTN,,,,,39.015106201171875,-95.64019775390625,anonymous,EN,,,,Noah,,,,,,,,,,,,,,,,,,,,,,,,,,,,,,,,,,1,1,1,2,5,"Sandra had done her due diligence in reading each of the e-mails, she would have known that the Harvest flour could contain traces of walnuts and therefore should be avoided in nut allergy friendly baking applications.",7,7,1,2,1,2,5,"Anne had read her e-mails each time (or all of the them at one time, depending on how they were delivered to her), then she would have known that the Homestead flour definitely contains traces of hazelnut and would not have used it and",7,7,48,2,,3,1
2020-10-15 18:06:16,2020-10-15 18:16:23,0,157.49.243.204,100,606,1,2020-10-15 18:16:23,R_1q3QCpd0NKqIi0L,,,,,13.087799072265625,80.27850341796875,anonymous,EN,,,Ava,,,,,,,,,,,,,,,,,,,,,,,,,,,,,,,,,,,1,2,1,1,7,"it is so good ",6,6,1,2,1,1,6,"good taste ",7,6,34,2,,3,2
2020-10-15 18:10:54,2020-10-15 18:16:26,0,157.46.66.139,100,332,1,2020-10-15 18:16:27,R_p5Zjh8EsE93rNHb,,,,,13.087799072265625,80.27850341796875,anonymous,EN,,,,,Ane,,,,,,,,,,,,,,,,,1,2,1,1,6,it is good,7,7,1,2,1,1,7,it is good,6,7,,,,,,,,,,,,,,,,,33,2,,2,2
2020-10-15 18:16:27,2020-10-15 18:16:55,0,122.164.49.42,100,27,1,2020-10-15 18:16:55,R_2RaXvXRj6f6eIcA,,,,,13.087799072265625,80.27850341796875,anonymous,EN,,,ava,,,,,,,,,,,,,,,,,,,,,,,,,,,,,,,,,,,,,,,,,,,,,,,,,,,,,,,
2020-10-15 18:15:37,2020-10-15 18:17:22,0,209.161.89.26,100,104,1,2020-10-15 18:17:22,R_2S7Zys8rpiTfWYd,,,,,37.751007080078125,-97.82199859619140625,anonymous,EN,,,AVE,,,,,,,,,,,,,,,,,,,,,,,,,,,,,,,,,,,,,,,,,,,,,,,,,,,,,,,
2020-10-15 18:01:30,2020-10-15 18:17:22,0,117.213.37.146,100,952,1,2020-10-15 18:17:23,R_124HvmQB0h35Bw7,,,,,8.1790008544921875,77.43231201171875,anonymous,EN,Emma,,,,,,,,,,,,,,,,,,,,,1,1,1,2,6,"regularly fertilizes the roses with the fertilizer ",5,7,1,1,1,2,6,regularly fertilizes the roses with fertilizer vitax,5,6,,,,,,,,,,,,,,,,,25,1,"no confusing, very interesting",2,1
2020-10-15 18:07:07,2020-10-15 18:17:43,0,71.77.155.238,100,636,1,2020-10-15 18:17:44,R_2rNnjvOuIBIgKGD,,,,,35.1873016357421875,-79.47299957275390625,anonymous,EN,,,,Noah,,,,,,,,,,,,,,,,,,1,1,1,2,4,If Alex had read all the emails he would have seen the 10th one and known that Splendor would kill the rose.,6,5,1,2,1,2,5,If Bob had read all the emails the China roses would not have died,6,6,,,,,,,,,,,,,,,,,58,2,,2,1
2020-10-15 18:09:53,2020-10-15 18:18:26,0,75.177.104.109,100,513,1,2020-10-15 18:18:27,R_2rZ8rerUgj4WhZS,,,,,36.5001983642578125,-80.616302490234375,anonymous,EN,,,,Noah,,1,1,1,2,1,Dr. Jones had more thoroughly investigated the results of the emails,4,5,1,2,1,2,1,Dr. Smith had read the other 9 emails,7,7,,,,,,,,,,,,,,,,,,,,,,,,,,,,,,,,,39,2,,1,1
2020-10-15 18:16:38,2020-10-15 18:21:40,0,64.224.70.47,100,302,1,2020-10-15 18:21:41,R_3EtWJok5UDr2kwW,,,,,38.44140625,-92.99469757080078125,anonymous,EN,,,,,James,,,,,,,,,,,,,,,,,,,,,,,,,,,,,,,,,1,1,1,2,5,Sandra had researched all of her emails,7,7,1,2,1,2,7,Anne had read all of her emails,7,7,63,2,Best wishes with your study : ),3,1
2020-10-15 18:17:33,2020-10-15 18:22:19,0,98.238.214.213,100,286,1,2020-10-15 18:22:20,R_8iYYBSkrvUZ9RfP,,,,,38.4062957763671875,-121.4286956787109375,anonymous,EN,,,Ava,,,,,,,,,,,,,,,,,,,,,,,,,,,,,,,,,,,1,1,1,2,5,they were told that it contained traces of nuts,4,4,1,2,1,2,5,they checked more than one email,5,5,23,1,,3,1
2020-10-15 18:21:24,2020-10-15 18:23:42,0,49.37.187.33,100,138,1,2020-10-15 18:23:42,R_2VEbCgtZebzzdWu,,,,,13.087799072265625,80.27850341796875,anonymous,EN,,BEAUTIFUL DAY,,,,,,,,,,,,,,,,,,,,,,,,,,,,,,,,,,,,,,,,,,,,,,,,,,,,,,,,
2020-10-15 18:14:14,2020-10-15 18:24:28,0,72.17.88.223,100,613,1,2020-10-15 18:24:28,R_30eHmB21Fr3TBfN,,,,,28.62249755859375,-81.43170166015625,anonymous,EN,Emma,,,,,,,,,,,,,,,,,,,,,,,,,,,,,,,,,,,,,1,1,2,2,6,Sandra had done her due diligence in confirm from all ten mails she would have know there were traces of walnuts in the flour,7,6,1,2,1,2,6,Anne had checked other emails to confirm the first she would have known it contained traces of nuts,5,6,57,2,,3,2
2020-10-15 18:00:36,2020-10-15 18:24:30,0,76.100.197.204,100,1434,1,2020-10-15 18:24:31,R_1kXQiblnRRj9Ak1,,,,,39.3529052734375,-76.57430267333984375,anonymous,EN,,Benjamin,,,,1,1,1,2,7,"Thw doctor had checked all of the emails ",7,7,1,2,1,2,7,"The doctor had looked at all of the emails ",7,7,,,,,,,,,,,,,,,,,,,,,,,,,,,,,,,,,48,1,None,1,1
2020-10-15 18:23:09,2020-10-15 18:25:00,0,72.241.62.50,100,111,1,2020-10-15 18:25:01,R_3GDLbejJQMPHwTd,,,,,41.648895263671875,-83.60150146484375,anonymous,EN,Emma,,,,,,,,,,,,,,,,,,,,,,,,,,,,,,,,,,,,,1,2,1,1,5,the plant would have been more careful,5,5,1,2,1,1,5,the customer would have paid attention,6,6,29,1,,3,1
2020-10-15 18:17:01,2020-10-15 18:25:21,0,122.164.49.42,100,500,1,2020-10-15 18:25:21,R_4GU3g01Vm3S07KN,,,,,13.087799072265625,80.27850341796875,anonymous,EN,,Benjamin,,,,,,,,,,,,,,,,,,,,1,1,2,1,4,"is one of the fastest-acting, most excellent sources of nitrogen, phosphorous, potassium and trace elements for plants, delivered in a form that's perfect for assimilation. Not only that, we all have a constant, year-round supply of it - and it's free",5,5,1,1,2,1,5,"is one of the fastest-acting, most excellent sources of nitrogen, phosphorous, potassium and trace elements for plants, delivered in a form that's perfect for assimilation. Not only that, we all have a constant, year-round supply of it - and it's free",5,4,,,,,,,,,,,,,,,,,29,1,nothing,2,2
2020-10-15 18:24:04,2020-10-15 18:25:24,0,49.37.187.33,100,79,1,2020-10-15 18:25:24,R_u3PmyG9uoa2ClXz,,,,,13.087799072265625,80.27850341796875,anonymous,EN,,,AVA,,,,,,,,,,,,,,,,,,,,,,,,,,,,,,,,,,,,,,,,,,,,,,,,,,,,,,,
2020-10-15 18:15:42,2020-10-15 18:26:07,0,49.37.191.98,100,624,1,2020-10-15 18:26:07,R_3QMKMyDjQx67jw6,,,,,13.087799072265625,80.27850341796875,anonymous,EN,,,,,James,,,,,,,,,,,,,,,,,1,1,1,2,4,IF ALEX DOES NOT USE THE FERTILIZER SPLENDOR THE BOURBON ROSES WOULD NOT HAVE DIED,2,4,1,2,1,2,5,BOB DOES NOT USE THE FERTILIZER NUTRIT THE CHINA ROSES WOULD NOT HAVE DIED,4,5,,,,,,,,,,,,,,,,,25,1,NOTHING,2,1
2020-10-15 18:22:15,2020-10-15 18:26:11,0,49.37.187.33,100,235,1,2020-10-15 18:26:11,R_0lkjerYRsuFN8Hv,,,,,13.087799072265625,80.27850341796875,anonymous,EN,,,,"It's a beautiful day, isn't it?""",,,,,,,,,,,,,,,,,,,,,,,,,,,,,,,,,,,,,,,,,,,,,,,,,,,,,,
2020-10-15 18:05:16,2020-10-15 18:27:00,0,47.189.137.137,100,1303,1,2020-10-15 18:27:00,R_27QHtGSTwezgQXV,,,,,33.10699462890625,-97.15979766845703125,anonymous,EN,,Benjamin,,,,1,1,1,2,5,"If the doctor would have looked through all emails before coming to a conclusion, then the patient would not have suffered leg cramps. He should have checked all email test results instead of just looking at the first email. ",7,6,1,2,1,2,7,"If Dr. Smith would have looked at the remaining emails, the patient would not have suffered the leg cramps. The doctor should have looked at all 10 emails to get a better understanding about the side effects. ",7,7,,,,,,,,,,,,,,,,,,,,,,,,,,,,,,,,,38,1,none,1,1
2020-10-15 18:25:32,2020-10-15 18:27:31,0,49.37.187.33,100,118,1,2020-10-15 18:27:32,R_OBCqrRKty2Py4uZ,,,,,13.087799072265625,80.27850341796875,anonymous,EN,,,,AMELIA SAYS TO NOAH AND SHE WAS GET A BEAUTIFUL DAY BUT SHE WAS NOT ENJOYED,,,,,,,,,,,,,,,,,,,,,,,,,,,,,,,,,,,,,,,,,,,,,,,,,,,,,,
2020-10-15 18:17:49,2020-10-15 18:27:33,0,174.104.16.14,100,584,1,2020-10-15 18:27:34,R_2CC8NWLo4TpoFly,,,,,40.84710693359375,-81.38770294189453125,anonymous,EN,,,,"Noah ",,1,1,1,2,7,"Checked  better ",7,7,1,2,1,2,7,The  doctor had checked better he would have known it causes leg cramps .,7,7,,,,,,,,,,,,,,,,,,,,,,,,,,,,,,,,,70,1,"Good survey thanks ",1,2
2020-10-15 18:24:05,2020-10-15 18:27:38,0,162.231.57.35,100,212,1,2020-10-15 18:27:38,R_31inmM9uUzKxXVC,,,,,32.7404937744140625,-117.09349822998046875,anonymous,EN,,,Ava,,,1,1,1,2,2,Dr. had prescribed the other drug,6,5,1,2,1,2,2,Dr. Smith had prescribed the other drug,6,4,,,,,,,,,,,,,,,,,,,,,,,,,,,,,,,,,36,1,Thanks,1,1
2020-10-15 18:27:36,2020-10-15 18:28:11,0,49.37.187.33,100,35,1,2020-10-15 18:28:12,R_6o1gODjbf11kpLr,,,,,13.087799072265625,80.27850341796875,anonymous,EN,,"BENJAMIN ",,,,,,,,,,,,,,,,,,,,,,,,,,,,,,,,,,,,,,,,,,,,,,,,,,,,,,,,
2020-10-15 18:11:34,2020-10-15 18:28:30,0,49.37.190.229,100,1016,1,2020-10-15 18:28:30,R_114vGCJBb2OZPTz,,,,,13.087799072265625,80.27850341796875,anonymous,EN,,,,Noah,,,,,,,,,,,,,,,,,,1,1,2,2,5,"alex have proper fertilizes the bourbon roses regularly and some get some knowledge about splendor then,",5,5,1,2,2,2,5,"bob have proper maintain daily and weekly once fertilizes.at that time bob maintains,",4,5,,,,,,,,,,,,,,,,,28,1,nice study,2,2
2020-10-15 18:26:40,2020-10-15 18:30:01,0,68.197.64.235,100,200,1,2020-10-15 18:30:01,R_1DTIIKiHEhpA7ax,,,,,40.5175018310546875,-74.39910125732421875,anonymous,EN,,Benjamin,,,,,,,,,,,,,,,,,,,,1,1,1,2,4,"Alex had known that 'Splendor' harms the Bourbon rose or if it were the case that 'Splendor' does not harm the Bourbon rose ",4,4,1,2,1,2,4,Bob knew what would happen or if nutrit didn't harm china roses,4,4,,,,,,,,,,,,,,,,,25,1," ",2,1
2020-10-15 18:23:39,2020-10-15 18:31:06,0,74.89.203.50,100,447,1,2020-10-15 18:31:07,R_3HCfYTBVlfFBgp4,,,,,41.145904541015625,-72.28759765625,anonymous,EN,,,,Noah,,1,1,1,2,6," If Dr smith looked at all the emails he would have known the side effects and not administered the medicine ",7,6,1,2,1,2,6," If Dr Smith took the time to read the rest of the Email's, he would have known about the side effects and then the patient would not have suffered the leg cramps",7,6,,,,,,,,,,,,,,,,,,,,,,,,,,,,,,,,,51,1,Thanks stay safe and good luck with your work,1,2
2020-10-15 18:08:19,2020-10-15 18:31:27,0,209.161.89.42,100,1387,1,2020-10-15 18:31:27,R_tG7vn6U3YRmU7EB,,,,,37.751007080078125,-97.82199859619140625,anonymous,EN,Emma,,,,,,,,,,,,,,,,,,,,,,,,,,,,,,,,,,,,,1,2,1,1,4,customer reaction,5,6,1,2,2,1,4,customer reaction,4,5,45,1,,3,2
2020-10-15 18:31:31,2020-10-15 18:32:14,0,49.37.187.33,100,42,1,2020-10-15 18:32:14,R_3qPYOz4fG4IAOQy,,,,,13.087799072265625,80.27850341796875,anonymous,EN,,,,NOAH,,,,,,,,,,,,,,,,,,,,,,,,,,,,,,,,,,,,,,,,,,,,,,,,,,,,,,
2020-10-15 18:24:43,2020-10-15 18:34:40,0,98.237.133.202,100,596,1,2020-10-15 18:34:40,R_2V1rtIbUlCvKBQs,,,,,47.29620361328125,-122.39530181884765625,anonymous,EN,,,,,James,,,,,,,,,,,,,,,,,,,,,,,,,,,,,,,,,1,1,1,2,6,Sandra is aware of that the “Harvest” flour contains traces of walnuts,6,5,1,2,1,2,6,Anne is aware of that the “Homestead” flour contains traces of hazelnuts,6,5,32,1,,3,1
2020-10-15 18:32:02,2020-10-15 18:35:38,0,184.61.239.25,100,215,1,2020-10-15 18:35:38,R_3Gy0SQLENaF466q,,,,,42.8235015869140625,-84.233001708984375,anonymous,EN,Emma,,,,,1,1,1,2,4,Doctor Jones had read all the emails,6,5,1,2,1,2,7,the doctor had read the rest of the emails,7,7,,,,,,,,,,,,,,,,,,,,,,,,,,,,,,,,,38,2,,1,1
2020-10-15 18:17:26,2020-10-15 18:35:49,0,209.161.89.26,100,1103,1,2020-10-15 18:35:50,R_3noXvtNS3W5ekp5,,,,,37.751007080078125,-97.82199859619140625,anonymous,EN,,,,,JAMES,,,,,,,,,,,,,,,,,,,,,,,,,,,,,,,,,1,1,1,2,6,"i would like to say walnut is good thing so ",5,3,1,1,1,2,5,"i would like to say hazelnuts is good ",7,3,49,2,no,3,1
2020-10-15 18:14:03,2020-10-15 18:36:56,0,157.48.209.205,100,1372,1,2020-10-15 18:36:56,R_p9t0wU76jDH5svn,,,,,17.38409423828125,78.456390380859375,anonymous,EN,,,,,James,1,1,1,2,7,Dr Jones's responsibility is to check all the official mails.But he didn't. Due to his lethargic the patient got suffered.,5,7,1,2,1,2,6,Doctor is the only responsibility for the side effect.Dr.Smith need to be attentive before give some medicine to the patients.,1,7,,,,,,,,,,,,,,,,,,,,,,,,,,,,,,,,,32,1,,1,2
2020-10-15 18:37:15,2020-10-15 18:37:22,0,24.208.188.198,100,7,1,2020-10-15 18:37:22,R_6gTemmoyLHOvUxb,,,,,40.7415924072265625,-84.15219879150390625,anonymous,EN,,,,noah,,,,,,,,,,,,,,,,,,,,,,,,,,,,,,,,,,,,,,,,,,,,,,,,,,,,,,
2020-10-15 18:32:59,2020-10-15 18:37:29,0,157.46.90.144,100,269,1,2020-10-15 18:37:29,R_7a2k838Ec57pGw1,,,,,13.087799072265625,80.27850341796875,anonymous,EN,,,,,no talking,,,,,,,,,,,,,,,,,1,2,1,1,5,"  “Alex could have known that Splendor harms Bourbon roses.”",4,3,2,1,1,1,6,“Bob could have known that Nutrit harms China roses.”,4,4,,,,,,,,,,,,,,,,,28,1,,2,2
2020-10-15 18:35:57,2020-10-15 18:37:47,0,68.202.156.179,100,109,1,2020-10-15 18:37:48,R_1IfSj7Xqc4jhOXm,,,,,29.0511016845703125,-82.03800201416015625,anonymous,EN,,,Ava,,,1,1,4,2,4,would have read all the emails,5,4,1,2,2,2,4,he would have read all the emails,5,5,,,,,,,,,,,,,,,,,,,,,,,,,,,,,,,,,28,2,,1,2
2020-10-15 18:24:19,2020-10-15 18:38:46,0,177.143.141.119,100,866,1,2020-10-15 18:38:47,R_qW4miOEYTwZOOYx,,,,,-23.098297119140625,-45.9217987060546875,anonymous,EN,,,,Noah,,,,,,,,,,,,,,,,,,1,1,1,2,2,"If a person analyzes all the emails and forward the result to the employees, the result would be different.",2,2,1,2,1,2,6,Seeing all emails from initiates in single batch outcome would be different,5,5,,,,,,,,,,,,,,,,,30,1,,2,2
2020-10-15 18:30:49,2020-10-15 18:39:21,0,96.11.217.115,100,512,1,2020-10-15 18:39:21,R_2y8fjpVmTauS3Vo,,,,,38.0052032470703125,-84.42299652099609375,anonymous,EN,,,,,James,,,,,,,,,,,,,,,,,,,,,,,,,,,,,,,,,1,1,1,2,2,the company had check more thoroughly and she checked all emails,4,4,1,1,1,2,6,she had check the other emails,4,5,44,2,,3,2
2020-10-15 18:34:44,2020-10-15 18:39:27,0,98.201.54.246,100,283,1,2020-10-15 18:39:27,R_1lB2mODOBQwOHFz,,,,,29.828399658203125,-95.46959686279296875,anonymous,EN,,,,Noah,,,,,,,,,,,,,,,,,,,,,,,,,,,,,,,,,,2,1,1,2,5,Sandra had checked more of the emails she would have been aware of the nuts.,6,6,1,2,1,2,5,Anne had just checked one more email.,7,6,31,1,,3,1
2020-10-15 18:30:25,2020-10-15 18:39:38,0,98.144.149.220,100,552,1,2020-10-15 18:39:38,R_2a8g7X1Ji2xGNaj,,,,,42.7256011962890625,-87.85880279541015625,anonymous,EN,,Benjamin,,,,,,,,,,,,,,,,,,,,,,,,,,,,,,,,,,,,1,1,1,2,1,"If Harvest had more consistent testing procedures, the customer would not have suffered an allergic reaction.",7,1,1,2,1,2,1,"If Anne had bothered to read the remaining emails, the customer would not have suffered an allergic reaction.",7,3,62,1,,3,2
2020-10-15 18:34:20,2020-10-15 18:40:02,0,47.30.143.133,100,342,1,2020-10-15 18:40:03,R_2Tw8G5WomBg6C14,,,,,28.6519012451171875,77.23150634765625,anonymous,EN,,,,,James,,,,,,,,,,,,,,,,,1,1,1,2,5,had read all emails,6,5,1,2,1,2,7,Bob had read even one more email,7,7,,,,,,,,,,,,,,,,,27,1,,2,1
2020-10-15 18:20:08,2020-10-15 18:40:37,0,199.114.218.120,100,1228,1,2020-10-15 18:40:37,R_2wGeipLByMNPt29,,,,,40.1103973388671875,-83.11309814453125,anonymous,EN,,,,Noah,,,,,,,,,,,,,,,,,,1,1,1,2,5,Alex checked the whole email,5,5,1,1,1,2,5,Bob did try to check the other emails,5,6,,,,,,,,,,,,,,,,,69,1,,2,2
2020-10-15 18:30:19,2020-10-15 18:41:27,0,71.175.44.119,100,667,1,2020-10-15 18:41:27,R_8H22Is4GSzEr1vz,,,,,39.9040069580078125,-75.50890350341796875,anonymous,EN,,,Ava,,,,,,,,,,,,,,,,,,,,,,,,,,,,,,,,,,,1,1,1,2,4,"Sandra looked at ALL of the emails...maybe because the last email stated that Harvest contains traces of walnuts, she could have thought differently and not use Harvest because of that last email even though most of the emails said there was not traces of walnuts.",4,4,1,2,1,2,4,"Anne would have only looked at least the next few (if not, all) the emails, she would have known that Homestead had traces of hazelnuts, and therefore, probably would not have used Homestead.",6,5,49,2,N/A,3,2
2020-10-15 18:36:28,2020-10-15 18:44:11,0,24.247.158.176,100,463,1,2020-10-15 18:44:11,R_3nJdz6WNQOKJ7ym,,,,,42.2711029052734375,-85.541900634765625,anonymous,EN,,,Ava,,,,,,,,,,,,,,,,,,,,,,,,,,,,,,,,,,,1,1,1,2,7,Sandra had checked all her emails,7,6,1,2,1,2,7,Anne had checked her emails,7,7,59,1,,3,1
2020-10-15 18:40:54,2020-10-15 18:44:38,0,45.72.6.95,100,224,1,2020-10-15 18:44:38,R_vkrxQ5mJ8FohL5D,,,,,42.37969970703125,-71.10340118408203125,anonymous,EN,,,,,james,,,,,,,,,,,,,,,,,1,2,2,2,4,The splendor was not good.,5,6,1,2,2,1,5,the fertilzer was not good.,5,4,,,,,,,,,,,,,,,,,28,2,Nice study.,2,1
2020-10-15 18:37:26,2020-10-15 18:45:34,0,24.208.188.198,100,487,1,2020-10-15 18:45:34,R_3lVX1UrQOzl2Vjv,,,,,40.7415924072265625,-84.15219879150390625,anonymous,EN,Emma,,,,,1,1,1,2,7,the doctor checked more emails,7,7,1,2,1,2,7,he checked more emails,7,7,,,,,,,,,,,,,,,,,,,,,,,,,,,,,,,,,39,1,,1,1
2020-10-15 18:01:59,2020-10-15 18:45:41,0,122.174.227.38,100,2621,1,2020-10-15 18:45:42,R_323HFCrRw7Nz9St,,,,,13.087799072265625,80.27850341796875,anonymous,EN,,,,Noah,,1,1,1,1,6,"
“Dr Jones could have known that Afibo causes mild leg cramps.”",6,6,1,2,2,1,6,"
“Dr Smith could have known that Corus causes mild leg cramps.”
",6,6,,,,,,,,,,,,,,,,,,,,,,,,,,,,,,,,,30,2,"good survey ",1,1
2020-10-15 18:32:36,2020-10-15 18:45:53,0,49.37.187.33,100,797,1,2020-10-15 18:45:54,R_1BPYushAFd473mD,,,,,13.087799072265625,80.27850341796875,anonymous,EN,,,,,JAMES,1,1,4,1,6,"DR JONES ADMINISTERS AFIBO PREVENT THE PATIENT'S ONSET OF THROMBOSIS THE BLOOD GROUP AB-POSITIVE ",4,5,1,1,2,1,6,"IF DR SMITH TREATMENT THE PATIENT WOULD NOT HAVE SUFFERED LEG CRAMPS THE NEW BLOOD THINNER CORUS CAUSES MILD LEG CRAMPS ",4,5,,,,,,,,,,,,,,,,,,,,,,,,,,,,,,,,,28,1,"NO ISSUES ITS NICE ",1,1
2020-10-15 18:38:03,2020-10-15 18:46:12,0,179.66.202.21,100,489,1,2020-10-15 18:46:12,R_2EcnEOLgmWMy1RR,,,,,-8.0117034912109375,-34.9528961181640625,anonymous,EN,,Benjamin,,,,1,1,1,2,5,"If DR Jones had read all e-mails or if the hospital sent something more informative and alerting on one of the emails and he read it, he would not have prescribed Afibo and the problem wouldn't happen. ",1,5,1,2,1,2,6,IF DR Smith read any of the other 9 emails or if the hospital sent something more alerting he wouldn't prescribe Corus and therefore the patient would not have suffered leg cramps,7,6,,,,,,,,,,,,,,,,,,,,,,,,,,,,,,,,,34,1,"Thank you! ",1,1
2020-10-15 18:40:04,2020-10-15 18:47:41,0,192.141.115.161,100,457,1,2020-10-15 18:47:42,R_3EM7jMR225nfqwm,,,,,-22.92010498046875,-43.3307037353515625,anonymous,EN,,,Ava,,,,,,,,,,,,,,,,,,,,,,,,,,,,,,,,,,,1,1,1,2,4,"If Sandra saw all the emails, the customer would not have suffered an allergic reaction.",4,4,1,2,1,2,5,"If Anne were more careful and read all the emails, she would know that it contains traces of hazelnuts, so the customer would not have suffered an allergic reaction.",6,5,19,2,,3,2
2020-10-15 18:44:53,2020-10-15 18:50:18,0,74.131.64.193,100,324,1,2020-10-15 18:50:18,R_1jNZYFka2sR0z8N,,,,,38.30780029296875,-85.73590087890625,anonymous,EN,,,,,James,,,,,,,,,,,,,,,,,1,1,1,2,4,Alex could have read all 10 emails and known that Splendor could harm the Bourbon roses.,7,7,1,2,1,2,4,Bob could have looked at one more email and knew that Nutrit could cause harm to China roses.,7,7,,,,,,,,,,,,,,,,,57,1,None,2,1
2020-10-15 18:22:58,2020-10-15 18:50:49,0,67.61.187.126,100,1671,1,2020-10-15 18:50:50,R_23WbI564z2K6kLI,,,,,43.5552978515625,-111.8921966552734375,anonymous,EN,,,Ava,,,,,,,,,,,,,,,,,,,,,,,,,,,,,,,,,,,1,1,1,2,3,Sandra had checked every email and read the last one,6,3,1,2,1,2,2,"Anne had checked her email and seen the other emails, ",6,3,32,2,Thanks!,3,2
2020-10-15 18:48:12,2020-10-15 18:50:59,0,209.161.81.44,100,167,1,2020-10-15 18:50:59,R_3rZoEl26jsw8nGH,,,,,37.751007080078125,-97.82199859619140625,anonymous,EN,,Benjamin,,,,,,,,,,,,,,,,,,,,1,1,2,1,6,exactly into the structure,5,6,2,1,1,1,5,fit exactly into the structure,4,5,,,,,,,,,,,,,,,,,33,1,,2,1
2020-10-15 18:44:24,2020-10-15 18:53:29,0,207.44.32.7,100,545,1,2020-10-15 18:53:29,R_USC2mwRvcFaVMLn,,,,,40.7888031005859375,-76.5623016357421875,anonymous,EN,,,,Noah,,,,,,,,,,,,,,,,,,,,,,,,,,,,,,,,,,1,1,1,2,7,"If she read all the emails, then the customer would not have suffered an allergic reaction.",7,6,1,2,1,2,3,If Anne had read the other emails then the customer would not have suffered an allergic reaction.,7,6,45,2,Thank you,3,2
2020-10-15 18:53:06,2020-10-15 18:54:12,0,122.174.235.32,100,66,1,2020-10-15 18:54:13,R_ZHLfmg3JnWfeLWF,,,,,9.9398956298828125,76.26019287109375,anonymous,EN,,,Ava,,,,,,,,,,,,,,,,,,,1,2,2,1,4,"One day, Alex takes care of the Bourbon roses in the botanical garden. Alex does not know that the new fertilizer “Splendor” harms Bourbon roses. 
",4,4,2,1,1,2,3,"One day, Alex takes care of the Bourbon roses in the botanical garden. Alex does not know that the new fertilizer “Splendor” harms Bourbon roses. 
",4,5,,,,,,,,,,,,,,,,,32,1,,2,1
2020-10-15 18:53:23,2020-10-15 18:57:35,0,72.177.11.14,100,252,1,2020-10-15 18:57:35,R_21pPi54INET2sCB,,,,,30.4031982421875,-97.75299835205078125,anonymous,EN,,,Ava,,,,,,,,,,,,,,,,,,,,,,,,,,,,,,,,,,,1,1,1,2,6,Sandra had checked the other emails and learned about the traces of Walnuts,7,7,1,1,1,2,7,Anne had looked at the other emails,7,7,30,1,,3,1
2020-10-15 18:56:08,2020-10-15 18:57:39,0,122.174.239.229,100,91,1,2020-10-15 18:57:39,R_R3M81D6hzyroqWd,,,,,13.087799072265625,80.27850341796875,anonymous,EN,,,,Noah,,,,,,,,,,,,,,,,,,,,,,,,,,,,,,,,,,1,1,2,1,5,"Ten of these tests have been carried out on “Harvest”. Nine test result are negative, but one test finds evidence for traces of walnuts. Each test result is sent to all bakers in a separate e-mail (see Figure 1).
",5,6,1,2,2,1,5,"However, the fact that “Homestead” contains traces of hazelnuts is still unknown. A standard procedure for botanical gardens is to let a specialised lab carry out a few tests on a new fertilizer. Only a specialised lab can carry out the test that tests for traces of nuts.

",5,6,32,1,,3,1
2020-10-15 18:48:17,2020-10-15 18:58:03,0,67.168.137.155,100,586,1,2020-10-15 18:58:04,R_AbtEWi95pFH0LCN,,,,,47.14349365234375,-122.1678009033203125,anonymous,EN,Emma,,,,,,,,,,,,,,,,,,,,,,,,,,,,,,,,,,,,,1,1,1,2,6,"Sandra had looked into every single e-mail or made a sign that says there could be trace's of nuts in this ",6,6,1,2,1,2,6,Anne had been more thorough in checking her E-mail,7,6,28,1,,3,2
2020-10-15 18:50:20,2020-10-15 18:59:08,0,49.37.190.229,100,527,1,2020-10-15 18:59:08,R_3FVEkREC9YjSKAZ,,,,,13.087799072265625,80.27850341796875,anonymous,EN,,,Ava,,,1,1,4,2,5,the doctor have give some new blood tests and checkup regularly then,5,5,1,2,2,2,5,the doctor have give some new blood tests and checkup regularly then,5,4,,,,,,,,,,,,,,,,,,,,,,,,,,,,,,,,,28,1,nice study,1,1
2020-10-15 18:38:29,2020-10-15 18:59:41,0,51.81.232.163,100,1272,1,2020-10-15 18:59:42,R_3iHZ0SZQijuXlSY,,,,,37.751007080078125,-97.82199859619140625,anonymous,EN,Emma,,,,,,,,,,,,,,,,,,,,,,,,,,,,,,,,,,,,,1,1,1,2,5,Sandra check thoroughly,4,3,1,2,1,2,6,Anna did her work very well,5,6,27,1,,3,2
2020-10-15 18:59:39,2020-10-15 18:59:48,8,49.37.187.33,100,8,1,2020-10-15 18:59:48,R_3CV03ysMmapkpNE,,,,,13.087799072265625,80.27850341796875,anonymous,EN,,,AVA,,,,,,,,,,,,,,,,,,,,,,,,,,,,,,,,,,,,,,,,,,,,,,,,,,,,,,,
2020-10-15 18:59:51,2020-10-15 19:00:02,8,49.37.187.33,100,10,1,2020-10-15 19:00:02,R_32Wp6XNU1J7lS3s,,,,,13.087799072265625,80.27850341796875,anonymous,EN,,,,NOAH,,,,,,,,,,,,,,,,,,,,,,,,,,,,,,,,,,,,,,,,,,,,,,,,,,,,,,
2020-10-15 18:31:21,2020-10-15 19:01:45,0,23.132.80.64,100,1824,1,2020-10-15 19:01:45,R_1qWXHRIFkZYlzCZ,,,,,43.935302734375,-86.17510223388671875,anonymous,EN,,,,Noah,,,,,,,,,,,,,,,,,,1,1,1,2,7,If Alex would have looked at all ten emails he would have known that using that would possibly make the roses die,7,7,1,2,1,2,7,"If Bob would have read all emails, he would have know that this chemical kills the China Rose",7,7,,,,,,,,,,,,,,,,,53,2,thank you,2,1
2020-10-15 19:02:42,2020-10-15 19:03:36,0,68.191.33.60,100,54,1,2020-10-15 19:03:37,R_3R1JcB4PZUqNitW,,,,,41.5511016845703125,-73.215301513671875,anonymous,EN,Emma,,,,,,,,,,,,,,,,,,,,,2,2,1,2,6,I don't know.,1,2,2,2,1,2,1,I don't know.,3,7,,,,,,,,,,,,,,,,,33,1,,2,2
2020-10-15 18:54:12,2020-10-15 19:04:33,0,46.12.249.201,100,621,1,2020-10-15 19:04:33,R_1rcU3hLYTeD4iEV,,,,,40.6381072998046875,22.94549560546875,anonymous,EN,,,,Noah,,,,,,,,,,,,,,,,,,1,1,1,2,7,If Alex have read all the e-mails from the first one until the last one the Bourbon roses would not have died.,5,6,1,2,1,2,7,If Bob have spent more time while reading the e-mails and haven't stopped after reading only the first e-mail the China roses would not have died.,7,7,,,,,,,,,,,,,,,,,43,1,I didn't have any issues.,2,2
2020-10-15 19:00:58,2020-10-15 19:06:45,0,98.158.237.250,100,347,1,2020-10-15 19:06:46,R_WDxmYWJJGWSViQV,,,,,43.483306884765625,-83.3834991455078125,anonymous,EN,,,,Noah,,1,2,1,2,7,Dr. Jones used Heparine,7,7,1,2,1,2,6,Dr. Smith used Sanquin,7,7,,,,,,,,,,,,,,,,,,,,,,,,,,,,,,,,,55,2,,1,2
2020-10-15 18:59:41,2020-10-15 19:07:27,0,98.212.214.93,100,465,1,2020-10-15 19:07:27,R_1inAsxUzzOxG5if,,,,,42.0128021240234375,-88.09670257568359375,anonymous,EN,,Benjamin,,,,,,,,,,,,,,,,,,,,1,1,2,2,4,"If Alex had looked into all the 10 emails, the Bourbon roses would not have died.",6,4,1,2,1,2,7,"If Bob had read all the 10 e-mails, the China roses would not have died.",7,7,,,,,,,,,,,,,,,,,32,1,"No issues. ",2,1
2020-10-15 18:00:46,2020-10-15 19:08:03,0,103.141.50.14,100,4037,1,2020-10-15 19:08:03,R_2sbfv7p0Z9IVMLC,,,,,10.95770263671875,78.08099365234375,anonymous,EN,Emma,,,,,,,,,,,,,,,,,,,,,,,,,,,,,,,,,,,,,2,2,2,2,5,harvest flour,5,6,1,2,2,1,5,homestead flour for the cake,5,5,25,1,na,3,2
2020-10-15 19:03:34,2020-10-15 19:08:16,0,68.97.180.138,100,282,1,2020-10-15 19:08:17,R_1ISjHUkH4c0p1uH,,,,,35.4618988037109375,-97.3932037353515625,anonymous,EN,,,Ava,,,,,,,,,,,,,,,,,,,,,,,,,,,,,,,,,,,1,1,1,2,5,Sandra would of read all her emails or the testing lab had been more prudent and responsible in sending the results in a proper way then Sandra would of been aware,2,4,1,2,1,2,5,Anne had checked her emails or if the testing lab had been more prudent in sending the results in a proper manner,2,4,31,1,,3,1
2020-10-15 19:04:41,2020-10-15 19:10:25,0,108.41.104.169,100,344,1,2020-10-15 19:10:26,R_1rx2V5hxttlCznQ,,,,,40.62860107421875,-73.93900299072265625,anonymous,EN,,,,Noah,,,,,,,,,,,,,,,,,,1,1,1,2,5,"If Alex had read all the emails about Splendor, he would have chosen not to use it on the Bourbon roses and they would still be alive.",7,5,1,2,1,2,5,If Bob had read all the emails about Nutrit he would have known not to use it on the China roses and they would not have died.,7,5,,,,,,,,,,,,,,,,,59,2,,2,2
2020-10-15 18:11:15,2020-10-15 19:10:47,0,49.37.190.229,100,3572,1,2020-10-15 19:10:48,R_3EWOiLhEZKaiPJe,,,,,13.087799072265625,80.27850341796875,anonymous,EN,,,,,James,1,1,1,2,2,"Dr Jones did not have administered “Afibo""",1,7,1,2,1,2,1,Dr Smith administers  “Corus”,1,7,,,,,,,,,,,,,,,,,,,,,,,,,,,,,,,,,25,1,nothing,1,1
2020-10-15 19:10:45,2020-10-15 19:11:16,0,209.161.92.139,100,30,1,2020-10-15 19:11:16,R_3nP1XhXfpn3ejOe,,,,,37.751007080078125,-97.82199859619140625,anonymous,EN,emma,,,,,,,,,,,,,,,,,,,,,,,,,,,,,,,,,,,,,,,,,,,,,,,,,,,,,,,,,
2020-10-15 18:19:00,2020-10-15 19:11:23,0,49.37.187.33,100,3142,1,2020-10-15 19:11:23,R_1TVXRZe00zqsJm9,,,,,13.087799072265625,80.27850341796875,anonymous,EN,,,,Noah,,1,1,1,2,5,THE PATIENT WOULD HAVE TOLD ABOUT THE LEG CRAMPS TO DR JONES HE MAY ALSO GIVE SOME MEDICINES TO CURE LEG CRAMPS SO,2,5,1,2,1,2,4,THE PATIENT WOULD HAVE TOLD ALREADY TO DR SMITH ABOUT LEG CRAMPS HE WOULD HAVE ALSO GIVE SOME MEDICINES FOR CURING LEG CRAMPS  SO,2,5,,,,,,,,,,,,,,,,,,,,,,,,,,,,,,,,,30,1,NOTHING ELSE,1,2
2020-10-15 19:11:19,2020-10-15 19:11:39,0,209.161.92.139,100,19,1,2020-10-15 19:11:39,R_Dqp9QNJL2xuq3Tz,,,,,37.751007080078125,-97.82199859619140625,anonymous,EN,,,beautiful,,,,,,,,,,,,,,,,,,,,,,,,,,,,,,,,,,,,,,,,,,,,,,,,,,,,,,,
2020-10-15 19:00:15,2020-10-15 19:12:33,0,49.37.187.33,100,738,1,2020-10-15 19:12:33,R_2DOEN0FT3nHw3TA,,,,,13.087799072265625,80.27850341796875,anonymous,EN,,,Ava,,,1,1,4,1,5,"DR JONES ADMINISTERS AIFBO ",5,6,1,1,2,2,5,"DR SMITH ADMINISTERS CORUS ",5,6,,,,,,,,,,,,,,,,,,,,,,,,,,,,,,,,,27,1,"NO ISSUES AND NICE ",1,1
2020-10-15 19:13:10,2020-10-15 19:13:42,0,171.49.217.27,100,31,1,2020-10-15 19:13:42,R_3qvYFNUf5z4PVPa,,,,,13.087799072265625,80.27850341796875,anonymous,EN,," CPB/2014/006",,,,,,,,,,,,,,,,,,,,,,,,,,,,,,,,,,,,,,,,,,,,,,,,,,,,,,,,
2020-10-15 19:10:12,2020-10-15 19:14:13,0,69.129.254.236,100,240,1,2020-10-15 19:14:13,R_YbnhxXEw7go3Izv,,,,,43.102996826171875,-89.50730133056640625,anonymous,EN,Emma,,,,,,,,,,,,,,,,,,,,,1,1,1,2,3,IF the test was better,4,4,1,1,1,2,5,he read the other emails,5,5,,,,,,,,,,,,,,,,,26,1,,2,2
2020-10-15 19:01:48,2020-10-15 19:14:42,0,75.107.44.151,100,773,1,2020-10-15 19:14:42,R_1I9Ia66ldXUqS2d,,,,,37.751007080078125,-97.82199859619140625,anonymous,EN,,,Ava,,,1,1,1,2,5,Dr. Smith was more thorough,6,6,1,2,1,2,6,Dr. Smith was not so lazy,7,7,,,,,,,,,,,,,,,,,,,,,,,,,,,,,,,,,33,1,,1,2
2020-10-15 19:11:42,2020-10-15 19:14:56,0,209.161.92.139,100,193,1,2020-10-15 19:14:56,R_wXLiPllBsUKwP5f,,,,,37.751007080078125,-97.82199859619140625,anonymous,EN,,,,,james,1,2,1,1,5,the patient  would not have suffered mild leg cramps,6,7,1,2,2,1,6,"the patient would not have suffered mild leg cramps. ",6,6,,,,,,,,,,,,,,,,,,,,,,,,,,,,,,,,,53,2,"thanks ",1,1
2020-10-15 19:12:38,2020-10-15 19:14:59,0,49.37.187.33,100,140,1,2020-10-15 19:14:59,R_3HnKthBIStn5ODM,,,,,13.087799072265625,80.27850341796875,anonymous,EN,,,Ava,,,1,1,4,2,6,"DR JONES DO NOT  ADMINISTERS  AFIBO ",5,5,1,1,2,2,5,"DR SMITH DO NOT GIVE  ADMINISTERS CORUS ",5,6,,,,,,,,,,,,,,,,,,,,,,,,,,,,,,,,,27,1,"NO ISSUES NICE ",1,2
2020-10-15 19:11:56,2020-10-15 19:15:18,0,128.92.70.35,100,201,1,2020-10-15 19:15:18,R_5AYKCfMq9Rlbi2l,,,,,34.8950042724609375,-81.92040252685546875,anonymous,EN,Emma,,,,,,,,,,,,,,,,,,,,,1,1,1,2,7,Alex read the other emails,7,6,1,2,1,2,7,Bob read the other emails,7,6,,,,,,,,,,,,,,,,,32,1,,2,2
2020-10-15 19:10:55,2020-10-15 19:15:48,0,72.224.60.140,100,293,1,2020-10-15 19:15:49,R_3LcmVsYE41OzKqh,,,,,42.7008056640625,-73.86009979248046875,anonymous,EN,,,Ava,,,1,1,1,2,7,"If the doctor would have simply done her job and read every email instead of assuming, she would have prevented the leg cramps",7,7,1,2,1,2,7,"If the doctor had read any other email than the first one, the patient would not have suffered leg cramps.",7,7,,,,,,,,,,,,,,,,,,,,,,,,,,,,,,,,,32,2,,1,1
2020-10-15 19:03:59,2020-10-15 19:16:05,0,67.184.201.18,100,725,1,2020-10-15 19:16:05,R_1Q9g2uwBpRiV3ol,,,,,42.3574066162109375,-88.2209014892578125,anonymous,EN,,,Ava,,,1,1,1,2,6,the emails were summarized to save time,6,6,1,2,1,2,7,the results were summarized in one email,7,7,,,,,,,,,,,,,,,,,,,,,,,,,,,,,,,,,52,1,,1,2
2020-10-15 19:11:31,2020-10-15 19:16:37,0,71.215.199.209,100,305,1,2020-10-15 19:16:37,R_2dYec0ldxdgVMTU,,,,,26.6786041259765625,-82.02629852294921875,anonymous,EN,,,,Noah,,,,,,,,,,,,,,,,,,1,1,1,2,7,Alex had read all the emails and realized that there is potential harm from Splendor and never used it,7,5,1,2,1,2,7,"bob had read the rest of the emails stating ""Nutrit"" is harmful ",7,6,,,,,,,,,,,,,,,,,30,1,No problems,2,2
2020-10-15 19:11:25,2020-10-15 19:18:44,0,49.37.190.229,100,439,1,2020-10-15 19:18:44,R_3QvhI1xeG4HS5m9,,,,,13.087799072265625,80.27850341796875,anonymous,EN,,Benjamin,,,,,,,,,,,,,,,,,,,,,,,,,,,,,,,,,,,,1,1,2,2,4,the mixture of cake is not contain harvest flour and contains traces of walnuts so,4,5,1,2,2,2,5,"the mixture of cake does not contain the homestead flour and contains the traces of hazelnuts,so",4,5,29,1,nice study,3,1
2020-10-15 19:13:11,2020-10-15 19:21:02,0,70.172.187.42,100,470,1,2020-10-15 19:21:02,R_305E28krtkChaYR,,,,,41.5193939208984375,-71.27700042724609375,anonymous,EN,,,,,James,,,,,,,,,,,,,,,,,,,,,,,,,,,,,,,,,1,1,1,2,7,If Sandra could have looked at all the emails she would have known that there was a chance Harvest had walnut traces. She would have used the White Mill flour and the customer would not have suffered an allergic reaction.,7,7,1,2,1,2,7,"If Anne had checked all the emails she would not have used Green Farms, and the customer would not have suffered the allergic reaction.",7,7,37,2,,3,1
2020-10-15 19:14:19,2020-10-15 19:21:47,0,99.23.146.214,100,447,1,2020-10-15 19:21:47,R_1QsgCc8ZoxYMAZ7,,,,,29.646697998046875,-82.328399658203125,anonymous,EN,Emma,,,,,,,,,,,,,,,,,,,,,,,,,,,,,,,,,,,,,1,1,1,2,6,she had read all 10 of the emails,6,6,1,2,1,2,6,Anne had read all 10 of the emails,6,6,50,1,,3,2
2020-10-15 19:18:41,2020-10-15 19:22:43,0,206.54.199.52,100,242,1,2020-10-15 19:22:43,R_enVOvFsYv10iiWd,,,,,29.5720062255859375,-95.54000091552734375,anonymous,EN,,,,Noah,,,,,,,,,,,,,,,,,,,,,,,,,,,,,,,,,,1,1,1,2,7,Sandra checked all her emails,7,7,1,2,1,2,7,Anna read more than one email,7,7,30,2,,3,1
2020-10-15 19:15:56,2020-10-15 19:23:19,0,178.156.96.36,100,442,1,2020-10-15 19:23:19,R_1mzriCpep4yV3lC,,,,,38.061492919921875,-1.048797607421875,anonymous,EN,,,,Noah,,1,1,1,2,3,if Dr. Smith had known about the side effects of the Afibo,3,3,1,1,2,1,5,Dr. Smith had known about the side effects of the Corus,2,3,,,,,,,,,,,,,,,,,,,,,,,,,,,,,,,,,30,1,,1,2
2020-10-15 18:53:16,2020-10-15 19:23:21,0,49.37.187.33,100,1804,1,2020-10-15 19:23:21,R_3Oq9A9kV8PoTVvi,,,,,13.087799072265625,80.27850341796875,anonymous,EN,,,,Noah,,1,1,1,2,6,Dr Jones administers “Afibo” to that patient. The drug helps to prevent the patient’s onset of thrombosis,6,5,1,2,1,2,6,Dr Smith administers onset of thrombosis,5,5,,,,,,,,,,,,,,,,,,,,,,,,,,,,,,,,,23,1,NO ISSUES ITS IS GOOD NICE SURVEY,1,2
2020-10-15 19:13:49,2020-10-15 19:23:50,0,171.49.217.27,100,601,1,2020-10-15 19:23:50,R_tJVjl8K2K0znL33,,,,,13.087799072265625,80.27850341796875,anonymous,EN,,,,,Lara Kirfe,,,,,,,,,,,,,,,,,1,1,2,1,4,yes i am very very bad died,4,3,1,1,1,1,4,ye i am china have died,3,4,,,,,,,,,,,,,,,,,30,1,,2,1
2020-10-15 19:20:44,2020-10-15 19:24:42,0,24.10.102.176,100,237,1,2020-10-15 19:24:42,R_6zpUU9y5LpMSdjP,,,,,38.468902587890625,-121.34400177001953125,anonymous,EN,,Benjamin,,,,,,,,,,,,,,,,,,,,,,,,,,,,,,,,,,,,1,1,1,2,6,Sandra had looked at the other emails and seen that the flour contains nuts,7,6,1,2,1,2,7,Anne had read the other emails,7,7,30,2,,3,1
2020-10-15 18:51:59,2020-10-15 19:26:08,0,103.99.150.231,100,2048,1,2020-10-15 19:26:08,R_3fjISCiA3NY0j3j,,,,,11.0054931640625,76.966094970703125,anonymous,EN,,,,,James,,,,,,,,,,,,,,,,,,,,,,,,,,,,,,,,,1,1,1,2,6,Sandra would have checked all the emails of the test result,2,6,1,2,1,2,5,Anne would have checked the other emails of the test result,2,6,29,1,good,3,2
2020-10-15 19:14:42,2020-10-15 19:27:13,0,170.10.187.43,100,750,1,2020-10-15 19:27:13,R_3fT5xA26nhyadxx,,,,,36.183502197265625,-94.17620086669921875,anonymous,EN,Emma,,,,,1,1,4,2,4,"If Dr. Jones had checked the rest of the emails, the patient would not have suffered leg cramps.",5,4,1,2,1,2,2," If Dr. Smith had checked the rest of his emails, the patient would not have suffered leg cramps.",4,4,,,,,,,,,,,,,,,,,,,,,,,,,,,,,,,,,39,1,,1,2
2020-10-15 19:27:26,2020-10-15 19:27:36,0,122.183.175.63,100,10,1,2020-10-15 19:27:37,R_1IsfPa8nKqUh64Z,,,,,13.087799072265625,80.27850341796875,anonymous,EN,,,Lara Kirfe,,,,,,,,,,,,,,,,,,,,,,,,,,,,,,,,,,,,,,,,,,,,,,,,,,,,,,,
2020-10-15 19:27:51,2020-10-15 19:27:56,0,122.183.175.63,100,4,1,2020-10-15 19:27:56,R_w64HKI7MLVRu1a1,,,,,13.087799072265625,80.27850341796875,anonymous,EN,,,Prof Dr David Lagnado,,,,,,,,,,,,,,,,,,,,,,,,,,,,,,,,,,,,,,,,,,,,,,,,,,,,,,,
2020-10-15 19:28:14,2020-10-15 19:28:30,0,122.183.175.63,100,15,1,2020-10-15 19:28:30,R_12z40AER0JWfuYT,,,,,13.087799072265625,80.27850341796875,anonymous,EN,,,,Kirfel,,,,,,,,,,,,,,,,,,,,,,,,,,,,,,,,,,,,,,,,,,,,,,,,,,,,,,
2020-10-15 19:28:15,2020-10-15 19:28:46,0,122.183.175.63,100,30,1,2020-10-15 19:28:46,R_28GSdIKD2OfTxwZ,,,,,13.087799072265625,80.27850341796875,anonymous,EN,liam,,,,,,,,,,,,,,,,,,,,,,,,,,,,,,,,,,,,,,,,,,,,,,,,,,,,,,,,,
2020-10-15 19:23:05,2020-10-15 19:30:06,0,162.210.198.130,100,420,1,2020-10-15 19:30:06,R_2YPRIcPTJP6K8Zy,,,,,38.9091033935546875,-77.02030181884765625,anonymous,EN,,,,Noah,,,,,,,,,,,,,,,,,,1,1,1,2,4,"if Alex have read all the email, the Bourbon roses would not have to died ",4,3,1,2,1,2,5,"if bob have read the other 9 email,thr China roses would not have died ",5,5,,,,,,,,,,,,,,,,,27,1,,2,2
2020-10-15 19:29:17,2020-10-15 19:30:07,0,122.183.175.63,100,50,1,2020-10-15 19:30:07,R_12DQjyQtTFd8JW9,,,,,13.087799072265625,80.27850341796875,anonymous,EN,,,,"Lara ",,,,,,,,,,,,,,,,,,,,,,,,,,,,,,,,,,,,,,,,,,,,,,,,,,,,,,
2020-10-15 19:30:18,2020-10-15 19:30:32,0,122.183.175.63,100,14,1,2020-10-15 19:30:32,R_3pm2S66rsXBwFw8,,,,,13.087799072265625,80.27850341796875,anonymous,EN,CPB/2014/006,,,,,,,,,,,,,,,,,,,,,,,,,,,,,,,,,,,,,,,,,,,,,,,,,,,,,,,,,
2020-10-15 19:25:51,2020-10-15 19:30:48,0,68.101.151.45,100,296,1,2020-10-15 19:30:48,R_2BspM1XmO9SlYam,,,,,32.9727935791015625,-117.03790283203125,anonymous,EN,,,,Noah,,,,,,,,,,,,,,,,,,,,,,,,,,,,,,,,,,1,1,1,2,7,"If Sandra checked ALL emails, she would have known the last test resulted in positive traces of walnuts.",7,7,1,2,1,2,7,"If Anne was diligent and read all her emails, she would know it contained traces of hazelnuts in the next 9 tests. ",7,7,37,2,,3,2
2020-10-15 18:42:51,2020-10-15 19:31:50,0,64.145.93.143,100,2938,1,2020-10-15 19:31:50,R_2cd4Sd2IBF52Xy2,,,,,37.751007080078125,-97.82199859619140625,anonymous,EN,Emma,,,,,,,,,,,,,,,,,,,,,,,,,,,,,,,,,,,,,1,1,1,2,5,Sandra had read all the 10 emails,6,5,1,1,1,2,6,Anne had opened more than one email,6,6,31,1,,3,1
2020-10-15 19:25:25,2020-10-15 19:32:03,0,103.99.150.148,100,398,1,2020-10-15 19:32:04,R_2Y4WJIQiFeGLBOF,,,,,11.0054931640625,76.966094970703125,anonymous,EN,,,Ava,,,,,,,,,,,,,,,,,,,1,1,1,2,3,Alex opened all e-mails,3,2,1,2,1,2,3,"Bob read the remaining e-mails
",1,5,,,,,,,,,,,,,,,,,28,1,,2,2
2020-10-15 19:27:30,2020-10-15 19:36:17,0,66.31.48.108,100,527,1,2020-10-15 19:36:17,R_1k0xfsTQNNtcTy3,,,,,42.4279937744140625,-71.061798095703125,anonymous,EN,,,Ava,,,,,,,,,,,,,,,,,,,,,,,,,,,,,,,,,,,1,1,1,2,2,Sandra read the last email,2,2,1,2,2,2,6,Ann read the rest of the emails,6,6,29,2,,3,2
2020-10-15 18:08:27,2020-10-15 19:37:02,0,49.37.190.229,100,5314,1,2020-10-15 19:37:02,R_1isMd6NNaMD4M0D,,,,,13.087799072265625,80.27850341796875,anonymous,EN,,,,,James,,,,,,,,,,,,,,,,,1,1,1,2,3,If Alex did not have fertilized Bourbon roses with “Splendor”,6,6,1,2,1,2,3,If Bob did not have fertilized china rose with “Nutrit”,5,6,,,,,,,,,,,,,,,,,30,1,nothing,2,1
2020-10-15 19:38:43,2020-10-15 19:39:46,0,171.49.179.18,100,63,1,2020-10-15 19:39:47,R_YQ4nQEh4JQxQ9Wh,,,,,13.087799072265625,80.27850341796875,anonymous,EN,,,,not match any talking about polish,,,,,,,,,,,,,,,,,,,,,,,,,,,,,,,,,,,,,,,,,,,,,,,,,,,,,,
2020-10-15 19:39:49,2020-10-15 19:39:53,0,171.49.179.18,100,4,1,2020-10-15 19:39:54,R_RkvPmIzhhYMZbAR,,,,,13.087799072265625,80.27850341796875,anonymous,EN,,,,nothing,,,,,,,,,,,,,,,,,,,,,,,,,,,,,,,,,,,,,,,,,,,,,,,,,,,,,,
2020-10-15 19:39:55,2020-10-15 19:40:03,0,171.49.179.18,100,7,1,2020-10-15 19:40:03,R_2Vavs3e1AvTAEAg,,,,,13.087799072265625,80.27850341796875,anonymous,EN,,,"It's a beautiful day, isn't it",,,,,,,,,,,,,,,,,,,,,,,,,,,,,,,,,,,,,,,,,,,,,,,,,,,,,,,
2020-10-15 19:29:15,2020-10-15 19:40:59,0,49.37.187.33,100,704,1,2020-10-15 19:40:59,R_2QLDUaIfOcXPCC5,,,,,13.087799072265625,80.27850341796875,anonymous,EN,,Benjamin,,,,,,,,,,,,,,,,,,,,1,1,1,2,5,"Alex fertilizer ""Splendor""",6,6,1,2,2,2,6," Bob fertilizer “Nutrit”",6,6,,,,,,,,,,,,,,,,,23,1,no issues it is good nice survey,2,1
2020-10-15 19:40:05,2020-10-15 19:41:08,0,171.49.179.18,100,63,1,2020-10-15 19:41:08,R_1IK2WNB9BZbMT3v,,,,,13.087799072265625,80.27850341796875,anonymous,EN,,me,,,,,,,,,,,,,,,,,,,,,,,,,,,,,,,,,,,,,,,,,,,,,,,,,,,,,,,,
2020-10-15 19:37:38,2020-10-15 19:43:14,0,49.37.190.229,100,336,1,2020-10-15 19:43:15,R_1PZTX69iPDKZtPd,,,,,13.087799072265625,80.27850341796875,anonymous,EN,,,Ava,,,,,,,,,,,,,,,,,,,1,1,1,2,4,alex does not use the splendor fertilizer,2,5,1,2,1,2,4,bob does not use the nutrit fertilizer,2,5,,,,,,,,,,,,,,,,,30,1,nothing else,2,2
2020-10-15 19:44:30,2020-10-15 19:45:05,0,122.164.216.211,100,34,1,2020-10-15 19:45:05,R_22Xs4R3kMG5fqtg,,,,,13.087799072265625,80.27850341796875,anonymous,EN,,,no,,,,,,,,,,,,,,,,,,,,,,,,,,,,,,,,,,,,,,,,,,,,,,,,,,,,,,,
2020-10-15 18:50:50,2020-10-15 19:45:12,0,117.213.32.232,100,3262,1,2020-10-15 19:45:12,R_2q3Mg2H17SddAig,,,,,8.1790008544921875,77.43231201171875,anonymous,EN,,,,Noah,,1,1,1,2,6,"If Dr. Jones does not use new blood thinner ""Afibo"" then, the patient would not have suffered leg cramps.",6,6,1,2,1,2,6,"another blood group, the patient would not have suffered leg cramps.",6,5,,,,,,,,,,,,,,,,,,,,,,,,,,,,,,,,,25,1,Very good experience,1,1
2020-10-15 19:45:09,2020-10-15 19:45:52,0,122.164.216.211,100,42,1,2020-10-15 19:45:52,R_2WTLwzdboEr9P1b,,,,,13.087799072265625,80.27850341796875,anonymous,EN,,,,Amelia talkingtocase sensitive,,,,,,,,,,,,,,,,,,,,,,,,,,,,,,,,,,,,,,,,,,,,,,,,,,,,,,
2020-10-15 19:40:15,2020-10-15 19:46:21,0,117.241.212.246,100,366,1,2020-10-15 19:46:21,R_O1236erwuL6TmIF,,,,,8.1790008544921875,77.43231201171875,anonymous,EN,,,Ava,,,,,,,,,,,,,,,,,,,1,1,1,2,6,Fertilizes regularly the rose with  Fertilizer Flora,5,6,1,1,1,2,5,Regularly fertilizes the rose with fertilizer Vitax.,5,6,,,,,,,,,,,,,,,,,25,1,"No issues, very interesting",2,1
2020-10-15 19:13:26,2020-10-15 19:47:18,0,73.135.76.176,100,2032,1,2020-10-15 19:47:19,R_oYKdX7txThsoahb,,,,,38.9033966064453125,-76.98819732666015625,anonymous,EN,,Benjamin,,,,,,,,,,,,,,,,,,,,1,1,1,2,4,Alex had read all of the emails and perhaps tested the new fertilizer himself the roses might not have died. It would also have help to just in general have a better test.,5,4,1,2,1,2,5,If Bob had looked at the other emails he could have prevented the death.,7,6,,,,,,,,,,,,,,,,,28,2,,2,1
2020-10-15 19:39:01,2020-10-15 19:48:02,0,45.46.160.244,100,541,1,2020-10-15 19:48:02,R_3iyjnb8cIuJqqOw,,,,,42.9134979248046875,-78.88899993896484375,anonymous,EN,,,Ava,,,,,,,,,,,,,,,,,,,1,1,2,2,5,She would have assumed the worse,6,5,1,2,2,1,7,Paid attention to all the emails,7,7,,,,,,,,,,,,,,,,,28,1,,2,1
2020-10-15 19:43:03,2020-10-15 19:49:09,0,24.181.229.118,100,365,1,2020-10-15 19:49:09,R_pg7RbTmdq64qeat,,,,,42.2554931640625,-71.7718963623046875,anonymous,EN,,,,,James,,,,,,,,,,,,,,,,,,,,,,,,,,,,,,,,,1,1,1,2,7,"Sandra had read the other nine emails, then ",7,7,1,2,2,2,7,"Anne had read the other nine emails, then ",6,7,37,1,,3,2
2020-10-15 19:38:16,2020-10-15 19:49:28,0,49.37.190.229,100,672,1,2020-10-15 19:49:28,R_23VjOCQO13AC16y,,,,,13.087799072265625,80.27850341796875,anonymous,EN,,Benjamin,,,,1,1,1,2,4,If Dr. Jones did not have administered “Afibo”,5,6,1,2,1,2,4,"If Dr. Smith did not have administerd ""Corus""",5,6,,,,,,,,,,,,,,,,,,,,,,,,,,,,,,,,,30,1,nothing,1,2
2020-10-15 19:48:14,2020-10-15 19:49:55,0,122.164.202.243,100,100,1,2020-10-15 19:49:55,R_afNABS8udyBqKdj,,,,,13.087799072265625,80.27850341796875,anonymous,EN,,,,noah,,,,,,,,,,,,,,,,,,,,,,,,,,,,,,,,,,,,,,,,,,,,,,,,,,,,,,
2020-10-15 19:41:54,2020-10-15 19:50:19,0,117.213.36.34,100,504,1,2020-10-15 19:50:19,R_1ePEcSr5Impzg6G,,,,,8.1790008544921875,77.43231201171875,anonymous,EN,,,,Noah,,1,1,1,1,6,"the hospital thinking recently started to order on additional thinking drugs   ",5,6,1,1,1,1,6,"additional order blood thinking drugs not effective with certain blood groups  ",6,5,,,,,,,,,,,,,,,,,,,,,,,,,,,,,,,,,23,1,nothing,1,2
2020-10-15 19:46:23,2020-10-15 19:51:10,0,140.190.44.202,100,287,1,2020-10-15 19:51:10,R_21mPzGmYRsLTLiU,,,,,44.55279541015625,-92.5485992431640625,anonymous,EN,,Benjamin,,,,,,,,,,,,,,,,,,,,1,1,1,2,2,"If Alex had read all of the emails he would have realized that in some instances the new fertilizer would cause the Bourbon roses to die, but not in many instances. He could have chosen to not use the new fertilizer on the off chance that they were one of the roses that would die. ",6,6,1,2,1,2,7,"If Bob had paid attention, been patient, and read all 10 of the test result emails, the China roses would not have died.",7,7,,,,,,,,,,,,,,,,,29,2,,2,2
2020-10-15 19:41:53,2020-10-15 19:51:47,0,72.65.252.103,100,594,1,2020-10-15 19:51:48,R_AaCqd7DgA9jt7Oh,,,,,40.406402587890625,-79.98560333251953125,anonymous,EN,,,,,James,,,,,,,,,,,,,,,,,,,,,,,,,,,,,,,,,1,1,1,2,5,Sandra would have checked all of the emails,6,6,1,2,1,2,7,Anne would have checked all of the emails,7,6,34,1,na,3,1
2020-10-15 19:47:21,2020-10-15 19:52:34,0,174.110.240.220,100,313,1,2020-10-15 19:52:34,R_1drYqm8DrMDL2Cm,,,,,34.9508056640625,-78.93810272216796875,anonymous,EN,Emma,,,,,,,,,,,,,,,,,,,,,,,,,,,,,,,,,,,,,1,1,1,2,5,the company that conducted the test of nut content in the flour used a more direct approach of informing the public of the Harvest product nut content,7,4,1,2,1,2,5,"Anne had read an additional email, after the first one, she would have been aware of the trace amount of hazelnut detected and",7,5,46,1,,3,2
2020-10-15 19:50:07,2020-10-15 19:54:20,0,122.164.202.243,100,252,1,2020-10-15 19:54:20,R_3gGd6o9hzkAfnr3,,,,,13.087799072265625,80.27850341796875,anonymous,EN,,Benjamin,,,,1,2,1,2,6,“Dr Jones could have known that Afibo causes mild leg cramps.”,6,6,1,2,1,2,6,"
“Dr Smith could have known that Corus causes mild leg cramps.”
",6,6,,,,,,,,,,,,,,,,,,,,,,,,,,,,,,,,,35,1,good survey,1,1
2020-10-15 19:44:40,2020-10-15 19:54:23,0,49.37.187.33,100,582,1,2020-10-15 19:54:24,R_30qaiitm2qnQG8I,,,,,13.087799072265625,80.27850341796875,anonymous,EN,,,,,James,1,1,1,2,4,If Dr.Jones did not  have administered “Afibo”,5,6,1,2,1,2,4,If Dr.Smith did not have administered “Corus”,5,6,,,,,,,,,,,,,,,,,,,,,,,,,,,,,,,,,30,1,nothing,1,1
2020-10-15 19:46:37,2020-10-15 19:56:47,0,49.37.190.229,100,610,1,2020-10-15 19:56:47,R_28C0z8tkzj2QWZk,,,,,13.087799072265625,80.27850341796875,anonymous,EN,Emma,,,,,,,,,,,,,,,,,,,,,,,,,,,,,,,,,,,,,1,1,1,2,4,sandra does not use the harvest flour on the cake,2,5,1,2,1,2,4,anne does not use the homestead flour for the cake,2,4,30,1,nothing else,3,2
2020-10-15 19:39:39,2020-10-15 20:00:55,0,160.20.200.93,100,1275,1,2020-10-15 20:00:55,R_2Vr9uWGrBBzh1fI,,,,,-3.979705810546875,-44.5720062255859375,anonymous,EN,,Benjamin,,,,1,1,1,2,7,"If Dr. Jones had checked all the tests, he would have found that the new drug causes cramps in people of type B negative blood.",7,7,1,2,1,2,7,"If Dr. Smith had checked all the tests, he would have found that the new drug causes cramps in people of type B negative blood.",7,7,,,,,,,,,,,,,,,,,,,,,,,,,,,,,,,,,29,1,"Everything went well, I hope I helped.",1,2
2020-10-15 20:01:05,2020-10-15 20:03:41,0,173.54.214.132,100,156,1,2020-10-15 20:03:41,R_1I6GCDovU6FVsEY,,,,,40.7303924560546875,-74.27269744873046875,anonymous,EN,,Benjamin,,,,,,,,,,,,,,,,,,,,,,,,,,,,,,,,,,,,1,2,1,2,6,good activity.,6,7,1,2,1,1,5,good activity,6,7,28,1,Thanks,3,1
2020-10-15 19:55:32,2020-10-15 20:09:05,0,174.128.227.2,100,813,1,2020-10-15 20:09:05,R_SYJztNWori7cjvj,,,,,39.7501068115234375,-104.995697021484375,anonymous,EN,,,,,James,1,1,1,2,1,Dr jones had checked his mails thoroughly,1,4,1,2,1,1,7,"Dr smith had read through the emails sent,",4,7,,,,,,,,,,,,,,,,,,,,,,,,,,,,,,,,,31,1,none,1,2
2020-10-15 20:00:50,2020-10-15 20:09:41,0,103.58.65.146,100,531,1,2020-10-15 20:09:42,R_3njcmh57An8ul4m,,,,,10.95770263671875,78.08099365234375,anonymous,EN,,Benjamin,,,,,,,,,,,,,,,,,,,,1,1,2,1,6,"Splendor"". As a result of the fertilization",6,7,1,2,1,1,6,Nutrit”. As a result of the fertilization,6,5,,,,,,,,,,,,,,,,,30,1,na,2,2
2020-10-15 20:11:08,2020-10-15 20:13:06,0,122.174.239.201,100,118,1,2020-10-15 20:13:07,R_2c8IDnTGJCF6bTz,,,,,13.087799072265625,80.27850341796875,anonymous,EN,,,,,James,,,,,,,,,,,,,,,,,1,1,2,2,5,"Alex looks into Email 1 and checks the test result. The test result in this e-mail is negative, showing no evidence for a harmful effect on Bourbon roses.
",5,5,1,1,2,1,5,"Alex looks into Email 1 and checks the test result. The test result in this e-mail is negative, showing no evidence for a harmful effect on Bourbon roses.
",6,5,,,,,,,,,,,,,,,,,32,1,good,2,1
2020-10-15 20:04:04,2020-10-15 20:13:16,0,69.206.94.117,100,552,1,2020-10-15 20:13:16,R_2WOpbdYtyFA0t72,,,,,41.37860107421875,-74.669097900390625,anonymous,EN,,Benjamin,,,,,,,,,,,,,,,,,,,,,,,,,,,,,,,,,,,,1,1,1,2,6,"Sandra had continued reading all the emails,",7,7,1,2,1,2,6,"Anne had read all of the emails, ",7,7,72,2,"The first scenario referred to a botanical garden/fertilizer, I assumed it was an oversight and continued with the bakery elements.",3,2
2020-10-15 20:02:54,2020-10-15 20:14:44,0,107.5.88.103,100,710,1,2020-10-15 20:14:44,R_1QgEmZPJSJnAV4D,,,,,41.8993072509765625,-84.04019927978515625,anonymous,EN,,,,,James,,,,,,,,,,,,,,,,,1,1,1,2,6,If Alex would of checked all of the emails,7,7,1,2,2,2,7,Bob would of been more responsible and thorough in his work.,7,7,,,,,,,,,,,,,,,,,30,1,None,2,1
2020-10-15 20:15:11,2020-10-15 20:16:02,0,98.220.230.70,100,50,1,2020-10-15 20:16:02,R_29ibT3sH572c3IB,,,,,42.0487060546875,-87.8905029296875,anonymous,EN,,,,Noah,,,,,,,,,,,,,,,,,,,,,,,,,,,,,,,,,,1,1,1,2,7,he had read all ten emails,7,7,1,2,1,2,7,she had read another one of the emails,7,7,25,1,,3,2
2020-10-15 20:16:10,2020-10-15 20:16:57,0,98.220.230.70,100,46,1,2020-10-15 20:16:57,R_SO6UYu5uMNUKZ6p,,,,,42.0487060546875,-87.8905029296875,anonymous,EN,,,Ava,,,,,,,,,,,,,,,,,,,,,,,,,,,,,,,,,,,1,1,1,2,7,she had read all ten emails,7,7,1,2,1,2,7,she had read another email,7,7,25,1,,3,1
2020-10-15 20:08:11,2020-10-15 20:17:23,0,146.168.162.56,100,551,1,2020-10-15 20:17:24,R_1Ig86T5ux2hTb0u,,,,,38.10809326171875,-76.7823028564453125,anonymous,EN,,,,,James,1,1,1,2,2,"I believe the patient would have still suffered leg cramps. Even If Dr. Jones continued with all 10 e-email, only one had a positive reading. Which may not of been accurate. ",2,2,1,2,1,2,6,"Dr. Smith could have prevented this by reading more than one e-mail regarding the blood thinner ""Corus"".",7,6,,,,,,,,,,,,,,,,,,,,,,,,,,,,,,,,,26,1,,1,2
2020-10-15 20:17:04,2020-10-15 20:17:57,0,98.220.230.70,100,52,1,2020-10-15 20:17:57,R_3PctFwA2og8Qplf,,,,,42.0487060546875,-87.8905029296875,anonymous,EN,,Benjamin,,,,,,,,,,,,,,,,,,,,1,1,1,2,7,he had read all ten emails,7,7,1,2,1,2,7,he had read any of the other emails,7,7,,,,,,,,,,,,,,,,,25,1,,2,1
2020-10-15 20:04:07,2020-10-15 20:18:11,0,117.213.33.35,100,843,1,2020-10-15 20:18:11,R_22V1m2kztf5rqgb,,,,,8.1790008544921875,77.43231201171875,anonymous,EN,,,,,James,1,1,1,2,6,"If Dr.Jones does not use the new blood thinner ""Afibo"" then, the patient would not have suffered leg cramps",5,6,1,1,1,1,6,Corus is as effective as sanguin,6,6,,,,,,,,,,,,,,,,,,,,,,,,,,,,,,,,,25,2,nice,1,2
2020-10-15 20:18:04,2020-10-15 20:18:55,0,98.220.230.70,100,50,1,2020-10-15 20:18:55,R_2ypkFLyXFb08vUs,,,,,42.0487060546875,-87.8905029296875,anonymous,EN,,Benjamin,,,,,,,,,,,,,,,,,,,,1,1,1,2,7,he had read all ten emails,7,7,1,2,1,2,7,he had read any of the other emails,7,7,,,,,,,,,,,,,,,,,25,1,,2,2
2020-10-15 19:42:32,2020-10-15 20:19:26,0,49.37.187.33,100,2213,1,2020-10-15 20:19:26,R_BrbVwwUjInMrUZ3,,,,,13.087799072265625,80.27850341796875,anonymous,EN,,,,,James,,,,,,,,,,,,,,,,,1,1,1,2,5,"Alex fertilizer ""Splendor""",6,6,1,2,2,2,6,Bob fertilizer “Nutrit”,6,6,,,,,,,,,,,,,,,,,23,1,NO ISSUES IT IS GOOD NICE SURVEY,2,1
2020-10-15 20:01:55,2020-10-15 20:19:28,0,117.213.37.146,100,1052,1,2020-10-15 20:19:28,R_3iD1xXyPOpRNnLr,,,,,8.1790008544921875,77.43231201171875,anonymous,EN,,,,Noah,,,,,,,,,,,,,,,,,,,,,,,,,,,,,,,,,,1,1,1,2,6,ten of these test  have been carrier out on harvest  nine ten result are negative but one test find  evidence for valut,6,5,1,1,1,2,6,Anne use  flour of the brand Green Farm when baking the baking provide all necessary provide baking  product including the flour,5,6,23,1,no,3,1
2020-10-15 20:15:25,2020-10-15 20:22:20,0,117.241.212.246,100,415,1,2020-10-15 20:22:20,R_1eESygWhDNT2zjl,,,,,8.1790008544921875,77.43231201171875,anonymous,EN,,,,,James,1,1,1,2,5,"i think positive ",5,6,1,1,1,2,5,the hospital has recently thinking to order additional blood thinking drug,6,5,,,,,,,,,,,,,,,,,,,,,,,,,,,,,,,,,23,2,"nothing ",1,2
2020-10-15 19:39:23,2020-10-15 20:26:21,0,49.37.187.33,100,2818,1,2020-10-15 20:26:22,R_28OiKuVYaNCFxLI,,,,,13.087799072265625,80.27850341796875,anonymous,EN,Emma,,,,,,,,,,,,,,,,,,,,,,,,,,,,,,,,,,,,,1,1,1,2,6,"Sandra uses the “Harvest” flour ",5,6,1,2,1,1,5,"Anne uses the “Homestead”flour ",5,5,28,2,NO ISSUES ITS GOOD,3,2
2020-10-15 20:02:50,2020-10-15 20:27:12,0,170.82.222.147,100,1461,1,2020-10-15 20:27:12,R_12ExwEe9wIihzb6,,,,,-23.9575042724609375,-46.2277984619140625,anonymous,EN,Emma,,,,,,,,,,,,,,,,,,,,,1,1,1,2,7,"If Alex saw all tests, the Bourbon roses would not have died.",7,5,1,2,1,2,7,"If Alex saw all the tests, the China roses would not have died.",7,5,,,,,,,,,,,,,,,,,27,1,Good survey!!,2,1
2020-10-15 19:57:13,2020-10-15 20:28:10,0,68.48.1.3,100,1857,1,2020-10-15 20:28:10,R_1IH27DvdVWz4JsY,,,,,42.7366943359375,-84.475799560546875,anonymous,EN,,,Ava,,,1,1,1,1,6,knew more about Afibo,7,6,1,2,1,2,6,Dr. Smith read all their email,6,6,,,,,,,,,,,,,,,,,,,,,,,,,,,,,,,,,35,1,,1,2
2020-10-15 20:28:17,2020-10-15 20:30:09,0,103.141.50.14,100,112,1,2020-10-15 20:30:10,R_DzNQybQi5XKc401,,,,,10.95770263671875,78.08099365234375,anonymous,EN,,,,Noah,,1,1,1,1,6,Afibo” to that patient,6,6,1,1,1,1,6,Corus” to that patient,6,6,,,,,,,,,,,,,,,,,,,,,,,,,,,,,,,,,30,2,na,1,1
2020-10-15 20:26:14,2020-10-15 20:38:43,0,68.68.135.161,100,749,1,2020-10-15 20:38:43,R_2tr5AA0WvNwpn1o,,,,,34.32080078125,-78.71450042724609375,anonymous,EN,,Benjamin,,,,1,1,1,2,7,"The Dr. should have read about the 10 results and not just the one and this would not have happened, so I think it is his fault",7,7,1,2,1,2,7,"would have read the lab results ",7,7,,,,,,,,,,,,,,,,,,,,,,,,,,,,,,,,,29,1,Thank you!,1,1
2020-10-15 20:16:58,2020-10-15 20:38:56,0,71.69.74.148,100,1317,1,2020-10-15 20:38:56,R_pfSBNDBUaNBmXPH,,,,,36.021697998046875,-79.78389739990234375,anonymous,EN,Emma,,,,,,,,,,,,,,,,,,,,,,,,,,,,,,,,,,,,,1,1,1,2,4,sandra went through all the emails,7,6,1,2,1,2,7,amy checked any of the other emails as well,7,7,30,1,none,3,1
2020-10-15 20:27:02,2020-10-15 20:42:05,0,194.94.199.57,100,902,1,2020-10-15 20:42:05,R_1lxCQZoWNbWw8Nc,,,,,50.727203369140625,7.0850982666015625,anonymous,EN,Emma,,,,,,,,,,,,,,,,,,,,,1,1,1,2,7,"If Alex had checked all emails, he would know that there is a chance that Splendor kills the roses and would have been more careful.",2,4,1,2,1,2,7,"If Bob had read all the emails, he could have taken better care of the China Roses.",7,7,,,,,,,,,,,,,,,,,33,1,"no issues, good luck!",2,2
2020-10-15 20:40:56,2020-10-15 20:48:20,0,49.37.187.33,100,443,1,2020-10-15 20:48:20,R_3fOxRYFEDWedPNp,,,,,13.087799072265625,80.27850341796875,anonymous,EN,,Benjamin,,,,,,,,,,,,,,,,,,,,1,1,1,2,5,"Alex fertilizes the ""Splendor"". ",6,5,1,2,1,2,5,Bob fertilizes the “Nutrit”,5,5,,,,,,,,,,,,,,,,,25,1,no issues its good,2,1
2020-10-15 20:53:01,2020-10-15 21:00:10,0,49.37.187.33,100,429,1,2020-10-15 21:00:10,R_3kFbGSoCfeAcvpM,,,,,13.087799072265625,80.27850341796875,anonymous,EN,,Benjamin,,,,1,1,1,2,5,Dr Jones administers “Afibo” to,6,6,1,2,1,2,5,Dr Smith administers “Corus” to,5,5,,,,,,,,,,,,,,,,,,,,,,,,,,,,,,,,,29,2,NO ISSUES ITS GOOD,1,1
2020-10-15 21:03:00,2020-10-15 21:08:44,0,143.59.127.206,100,343,1,2020-10-15 21:08:44,R_tDPl6CDIJpBtCCt,,,,,42.578399658203125,-84.45510101318359375,anonymous,EN,Emma,,,,,,,,,,,,,,,,,,,,,1,1,2,2,5,Had checked every e mail.,6,4,1,2,1,2,7,"Bob should have been more thorough in his analysis of the fertilizers test results, this is a result of his laziness.",7,6,,,,,,,,,,,,,,,,,22,1,,2,2
2020-10-15 20:00:44,2020-10-15 21:12:27,0,117.241.212.246,100,4303,1,2020-10-15 21:12:27,R_1IEoQJHyk30m8Os,,,,,8.1790008544921875,77.43231201171875,anonymous,EN,,,Ava,,,,,,,,,,,,,,,,,,,1,1,1,1,6,"It Alex is already know about his Splendor, the Bourbon roses would not have died.",6,7,1,1,1,1,6,"If Bob already know about his Nutrit, the China roses would not have died.",5,6,,,,,,,,,,,,,,,,,25,2,nothing,2,1
2020-10-15 19:08:15,2020-10-15 21:31:30,0,103.141.50.14,100,8594,1,2020-10-15 21:31:30,R_3lskaVvGdBxFcky,,,,,10.95770263671875,78.08099365234375,anonymous,EN,Emma,,,,,,,,,,,,,,,,,,,,,,,,,,,,,,,,,,,,,1,1,2,1,6,Harvest” flour for the cake,6,6,1,1,1,1,6,Homestead” flour for the cake,6,6,25,1,na,3,2
2020-10-15 21:01:42,2020-10-15 21:32:25,0,104.62.180.203,100,1843,1,2020-10-15 21:32:25,R_ZIsN9Cm1li9EABr,,,,,32.720306396484375,-117.1551971435546875,anonymous,EN,,,Ava,,,1,1,1,2,1,the patient didn't have pre-existing health problems which required the intervention of medicine,1,1,1,2,1,2,1,the patient didn't have pre-existing health problems which required the intervention of medicine,1,1,,,,,,,,,,,,,,,,,,,,,,,,,,,,,,,,,42,2,,1,1
2020-10-15 21:46:51,2020-10-15 21:51:08,0,108.94.145.194,100,257,1,2020-10-15 21:51:08,R_3Gs1xoX4vy9Xw0A,,,,,30.03179931640625,-89.97119903564453125,anonymous,EN,,Benjamin,,,,1,1,1,2,6,"Dr. Jones had checked all the emails, they would have known that there was a chance that the drug would have caused leg cramps and would have known not to have administered it",7,6,1,2,1,2,6,"Dr. Smith had done his due diligence and checked all the emails, he would have known not to administer the drug",7,7,,,,,,,,,,,,,,,,,,,,,,,,,,,,,,,,,24,1,,1,2
2020-10-15 22:02:38,2020-10-15 22:06:51,0,108.185.66.225,100,252,1,2020-10-15 22:06:51,R_2CI05ZXwIT1Nrdm,,,,,33.92120361328125,-118.14239501953125,anonymous,EN,,,Ava,,,,,,,,,,,,,,,,,,,,,,,,,,,,,,,,,,,1,1,1,2,4,Sandra read all her emails,7,2,1,2,1,2,6,Anne checked all of her emails,7,6,35,1,Thank you for the interesting survey! No issues or problems.,3,2
2020-10-15 18:53:08,2020-10-15 23:09:54,0,103.58.65.150,100,15406,1,2020-10-15 23:09:55,R_1F8K8qWjtBHdugJ,,,,,10.95770263671875,78.08099365234375,anonymous,EN,,,,Noah,,1,1,1,1,5,Afibo” to that patient,6,6,1,2,1,1,6,Corus” to that patient,6,5,,,,,,,,,,,,,,,,,,,,,,,,,,,,,,,,,30,1,na,1,2
2020-10-15 23:27:23,2020-10-15 23:35:18,0,117.213.36.25,100,475,1,2020-10-15 23:35:19,R_2vfh0je1o3H0qKB,,,,,8.1790008544921875,77.43231201171875,anonymous,EN,Emma,,,,,,,,,,,,,,,,,,,,,1,1,1,2,7,"If Alex does not use the new fertilizer ""Splendor"" then, the Bourbon roses would not have died.",1,1,1,2,1,2,7,"If bob does not use the fertilizer ""Nutrit"" then, the China roses would not have died.",1,1,,,,,,,,,,,,,,,,,25,1,very interesting and useful,2,1
2020-10-16 00:40:39,2020-10-16 00:49:07,0,184.91.109.132,100,508,1,2020-10-16 00:49:07,R_A5rOAEhklaV16Ex,,,,,28.7115020751953125,-81.51349639892578125,anonymous,EN,,,,,James,,,,,,,,,,,,,,,,,1,1,1,2,6,"If Alex had read all of the emails instead of just assuming the first one was the only one they needed to read then they would have known that it was harmful.  While they weren't aware of it because they didn't read all of the emails, the fact is that all of the emails should have been read and they should have known had they read them all as they should have.",7,6,1,2,1,2,7,Bob had bothered to check even one more email then he would have seen that it had negative effects and they would not have died.,7,7,,,,,,,,,,,,,,,,,41,2,,2,1
2020-10-16 00:46:52,2020-10-16 00:59:31,0,73.98.247.3,100,759,1,2020-10-16 00:59:31,R_3mlP2kKCPIVW2As,,,,,40.75,-111.9208984375,anonymous,EN,,Benjamin,,,,1,1,1,2,2,had not administered Afibo,4,2,1,2,1,2,2,did not administer Corus,7,7,,,,,,,,,,,,,,,,,,,,,,,,,,,,,,,,,49,1,,1,2
2020-10-16 00:58:14,2020-10-16 01:21:13,0,117.213.34.136,100,1379,1,2020-10-16 01:21:14,R_2fqCeSqXfcQZgBH,,,,,8.1790008544921875,77.43231201171875,anonymous,EN,,,,Noah,,,,,,,,,,,,,,,,,,,,,,,,,,,,,,,,,,1,1,1,2,5,If sandra does not uses the harvest flour for the cake then the customer would not have suffered an allergic reaction.,5,6,1,1,1,2,6,"If anne does not use Homestead flour for the cake then, the customer  would not have suffered an allergic reaction.",6,7,25,1,No issues.,3,2
2020-10-15 18:01:26,2020-10-15 18:02:24,0,24.163.96.208,20,57,0,2020-10-16 17:47:01,R_2dYpVx45IcIifLm,,,,,,,anonymous,EN,,Benjamin,,,,,,,,,,,,,,,,,,,,,,,,,,,,,,,,,,,,,,,,,,,,,,,,,,,,,,,1,2
2020-10-15 18:07:55,2020-10-15 18:17:42,0,179.211.64.148,99,587,0,2020-10-16 17:47:01,R_3Ofaf1gzjRLkNSZ,,,,,,,anonymous,EN,Emma,,,,,,,,,,,,,,,,,,,,,,,,,,,,,,,,,,,,,1,1,1,2,5,"Sandra had been better instructed to read the e-mails throughly or, if already instructed, she had done her job more carefully...",6,5,1,2,1,2,7,Anne had been a bit more careful and thorough...,7,7,30,1,"The description on Anne's case is a bit confusing. The chart shows that nine e-mails reported traces of hazelnuts, while the text repeats Sandra's case by saying that nine e-mails didn't report such traces.",3,1
2020-10-15 18:01:55,2020-10-15 18:02:30,0,68.204.203.77,36,35,0,2020-10-16 17:47:02,R_1pmzwBXAlURPwvs,,,,,,,anonymous,EN,Emma,,,,,,,,,,,,,,,,,,,,,,,,,,,,,,,,,,,,,,,,,,,,,,,,,,,,,,,,2,1
2020-10-15 18:12:55,2020-10-15 18:17:01,0,75.136.158.24,66,246,0,2020-10-16 17:47:02,R_3peTNqcSitEOn1w,,,,,,,anonymous,EN,,,Ava,,,,,,,,,,,,,,,,,,,,,,,,,,,,,,,,,,,,,,,,,,,,,,,,,,,,,,3,1
2020-10-15 18:07:30,2020-10-15 18:07:45,0,107.185.127.204,20,14,0,2020-10-16 17:47:02,R_3PmCzSui6Ah4odR,,,,,,,anonymous,EN,,,,,James,,,,,,,,,,,,,,,,,,,,,,,,,,,,,,,,,,,,,,,,,,,,,,,,,,,,1,2
2020-10-15 18:00:49,2020-10-15 18:01:12,0,174.214.32.206,51,22,0,2020-10-16 17:47:02,R_cHowKoe27xtiCkx,,,,,,,anonymous,EN,Emma,,,,,,,,,,,,,,,,,,,,,,,,,,,,,,,,,,,,,,,,,,,,,,,,,,,,,,,,2,2
2020-10-15 18:17:26,2020-10-15 18:17:54,0,73.189.183.209,20,27,0,2020-10-16 17:47:02,R_10Mc7pqXrmssuRu,,,,,,,anonymous,EN,Emma,,,,,,,,,,,,,,,,,,,,,,,,,,,,,,,,,,,,,,,,,,,,,,,,,,,,,,,,1,2
2020-10-15 19:04:44,2020-10-15 19:05:16,0,73.173.103.253,66,32,0,2020-10-16 17:47:02,R_28zBhFMeUhBavfo,,,,,,,anonymous,EN,,,,,James,,,,,,,,,,,,,,,,,,,,,,,,,,,,,,,,,,,,,,,,,,,,,,,,,,,,3,1
2020-10-15 18:14:29,2020-10-15 18:15:17,0,98.159.196.54,24,47,0,2020-10-16 17:47:02,R_2q8bEHgtca1SpvR,,,,,,,anonymous,EN,,,Ava,,,,,,,,,,,1,1,2,2,,,,,,,,,,,,,,,,,,,,,,,,,,,,,,,,,,,,,,,,1,2
2020-10-15 19:45:00,2020-10-15 19:50:24,0,70.171.9.199,9,323,0,2020-10-16 17:47:02,R_2amddVLRHD25VTJ,,,,,,,anonymous,EN,,Benjamin,,,,1,1,1,2,,,,,,,,,,,,,,,,,,,,,,,,,,,,,,,,,,,,,,,,,,,,,,,,1,1
2020-10-15 18:11:26,2020-10-15 19:25:01,0,186.236.195.86,5,4414,0,2020-10-16 17:47:02,R_2157LD3G7dRdog0,,,,,,,anonymous,EN,,,Ava,,,,,,,,,,,,,,,,,,,,,,,,,,,,,,,,,,,,,,,,,,,,,,,,,,,,,,1,1
2020-10-15 20:19:05,2020-10-15 20:19:48,0,98.220.230.70,99,43,0,2020-10-16 17:47:02,R_2BzaiYC5Ni6icXX,,,,,,,anonymous,EN,,,,,James,,,,,,,,,,,,,,,,,,,,,,,,,,,,,,,,,1,1,1,2,7,she had read all ten emails,7,7,1,2,1,2,7,she had read any of the other emails,7,7,25,1,,3,1
2020-10-15 18:12:02,2020-10-15 18:13:10,0,186.236.195.86,4,67,0,2020-10-16 17:47:02,R_27NiQvlJcIilU68,,,,,,,anonymous,EN,,,Ava,,,,,,,,,,,,,,,,,,,,,,,,,,,,,,,,,,,,,,,,,,,,,,,,,,,,,,,
2020-10-15 18:58:54,2020-10-15 19:07:33,0,50.25.69.85,36,519,0,2020-10-16 17:47:02,R_24bKAEpvrQ8aCo0,,,,,,,anonymous,EN,Emma,,,,,,,,,,,,,,,,,,,,,,,,,,,,,,,,,,,,,,,,,,,,,,,,,,,,,,,,2,1
2020-10-15 19:05:33,2020-10-15 19:08:10,0,98.255.239.86,70,156,0,2020-10-16 17:47:02,R_27j2oBFqjPBG7P6,,,,,,,anonymous,EN,,Benjamin,,,,,,,,,,,,,,,,,,,,,,,,,,,,,,,,,,,,1,2,1,2,,,,,,,,,,,,,,,,3,1
2020-10-15 18:39:06,2020-10-15 18:44:54,0,170.54.118.140,13,347,0,2020-10-16 17:47:02,R_2v7aVmlsjeobI3g,,,,,,,anonymous,EN,,,,Noah,,1,1,1,2,7,"If Dr. Jones had opened the other 9 emails, he would have seen that the drug could cause mild leg cramps in people with AB positive blood and given the other medicine to the patient.",7,7,,,,,,,,,,,,,,,,,,,,,,,,,,,,,,,,,,,,,,,,,,,,1,1
2020-10-15 19:13:56,2020-10-15 19:41:59,0,24.181.229.118,13,1682,0,2020-10-16 17:47:03,R_12tBJBu9D1FmzW2,,,,,,,anonymous,EN,,,Ava,,,1,1,1,2,4,"Dr Jones had read the other 10 emails, he would of assigned a different blood thinner and",7,6,,,,,,,,,,,,,,,,,,,,,,,,,,,,,,,,,,,,,,,,,,,,1,1
2020-10-15 19:54:49,2020-10-15 19:58:19,0,65.31.180.86,9,209,0,2020-10-16 17:47:03,R_3fwtjbnQPxdzfbX,,,,,,,anonymous,EN,Emma,,,,,1,1,1,2,,,,,,,,,,,,,,,,,,,,,,,,,,,,,,,,,,,,,,,,,,,,,,,,1,1
2020-10-15 19:52:44,2020-10-15 20:00:33,0,47.224.50.72,63,468,0,2020-10-16 17:47:03,R_2OPbHSBDgOHNH6z,,,,,,,anonymous,EN,Emma,,,,,,,,,,,,,,,,,,,,,1,1,1,2,,,,,1,2,1,2,7,Bob had read all of his emails,7,7,,,,,,,,,,,,,,,,,,,,2,2
2020-10-15 21:14:17,2020-10-15 21:17:53,0,191.216.113.84,82,215,0,2020-10-16 17:47:03,R_upR9PNq3rQPIKFX,,,,,,,anonymous,EN,,,,,"James ",,,,,,,,,,,,,,,,,,,,,,,,,,,,,,,,,,,,,,,,,,,,,,,,,,,,3,2
2020-10-15 18:00:14,2020-10-15 18:09:23,0,174.28.89.108,99,548,0,2020-10-16 17:47:06,R_3P7CVZO708Zo7Ro,,,,,,,anonymous,EN,,Benjamin,,,,1,1,1,2,6,"Doctor Jones had read all 10 of the emails regarding Afibo ",7,6,1,2,1,2,7,Doctor Smith had read more than one of the emails about Corus,7,7,,,,,,,,,,,,,,,,,,,,,,,,,,,,,,,,,44,1,,1,1
2020-10-15 18:08:42,2020-10-15 18:15:51,0,209.161.89.61,63,429,0,2020-10-16 17:47:06,R_1fcRvLmIx0b0VUl,,,,,,,anonymous,EN,,Benjamin,,,,,,,,,,,,,,,,,,,,1,2,1,2,,,,,1,1,1,1,6,because the roses are fertilization,6,2,,,,,,,,,,,,,,,,,,,,2,2
2020-10-15 18:20:15,2020-10-15 18:23:08,0,173.171.231.228,63,172,0,2020-10-16 17:47:06,R_3egEfsG6rmgz0jV,,,,,,,anonymous,EN,,Benjamin,,,,,,,,,,,,,,,,,,,,1,2,1,1,,,,,1,2,1,2,5,"the following text box, we would like you to write down what could have gone differently so that",5,6,,,,,,,,,,,,,,,,,,,,2,2
2020-10-15 18:00:44,2020-10-15 19:28:08,0,68.202.37.26,99,5244,0,2020-10-16 17:47:06,R_1BOW78Tzz452YaS,,,,,,,anonymous,EN,,,,,James,,,,,,,,,,,,,,,,,1,1,1,2,4,"If the fertilizers didn't harm , the bourborn roses would not have died ",5,5,1,1,1,1,4,"If the fertilizer  didn't harm ,the china roses would not have died",5,5,,,,,,,,,,,,,,,,,35,1,,2,2
2020-10-15 18:46:26,2020-10-15 18:48:30,0,179.66.202.21,5,123,0,2020-10-16 17:47:07,R_20jhdV78Ga1ZkUF,,,,,,,anonymous,EN,,,Ava,,,,,,,,,,,,,,,,,,,,,,,,,,,,,,,,,,,,,,,,,,,,,,,,,,,,,,1,1
2020-10-15 18:40:40,2020-10-15 18:46:34,0,47.30.143.133,20,354,0,2020-10-16 17:47:12,R_2WZ4T5FqO4h4Mer,,,,,,,anonymous,EN,,,,Noah,,,,,,,,,,,,,,,,,,,,,,,,,,,,,,,,,,,,,,,,,,,,,,,,,,,,,1,2
2020-10-15 17:55:53,2020-10-15 17:56:18,0,134.76.0.125,51,25,0,2020-10-16 17:47:12,R_1kLiABRr9o6UIdX,,,,,,,anonymous,EN,Emma,,,,,,,,,,,,,,,,,,,,,,,,,,,,,,,,,,,,,,,,,,,,,,,,,,,,,,,,2,2
2020-10-15 20:32:30,2020-10-15 21:33:18,0,49.37.190.229,99,3648,0,2020-10-16 17:47:12,R_1JL8yCNydlD22Tv,,,,,,,anonymous,EN,,,,Noah,,,,,,,,,,,,,,,,,,,,,,,,,,,,,,,,,,1,1,1,2,4,"  IF SANDRA DID NOT  HAVE USED HARVEST",4,4,1,1,1,1,5,IF ANNE DID NOT HAVE USED HOMESTEAD,4,4,27,1,NOTHING,3,2
2020-10-15 20:50:39,2020-10-15 20:51:42,0,157.51.50.59,82,63,0,2020-10-16 17:47:12,R_23gkkDK5uoFVS22,,,,,,,anonymous,EN,,Benjamin,,,,,,,,,,,,,,,,,,,,,,,,,,,,,,,,,,,,,,,,,,,,,,,,,,,,,,,3,2
2020-10-15 19:38:01,2020-10-15 19:49:31,0,49.37.187.33,99,689,0,2020-10-16 17:47:13,R_1r35eSF8Tx6IS5l,,,,,,,anonymous,EN,Emma,,,,,,,,,,,,,,,,,,,,,,,,,,,,,,,,,,,,,1,1,1,2,7,Sandra does not uses the “Harvest” flour for the cake,2,7,1,2,1,2,7,Anne does not uses“Homestead” flour for the cake,1,7,25,1,nothing,3,1
2020-10-15 17:59:52,2020-10-15 18:00:40,0,97.94.173.218,5,47,0,2020-10-16 17:47:27,R_bq1VZdweNjtvnm9,,,,,,,anonymous,EN,,,Ava,,,,,,,,,,,,,,,,,,,,,,,,,,,,,,,,,,,,,,,,,,,,,,,,,,,,,,1,1
2020-10-15 18:01:38,2020-10-15 18:03:01,0,107.146.243.120,24,82,0,2020-10-16 17:47:27,R_1M0644JGV79eV3p,,,,,,,anonymous,EN,Emma,,,,,,,,,,,,,1,2,2,1,,,,,,,,,,,,,,,,,,,,,,,,,,,,,,,,,,,,,,,,1,2
2020-10-15 18:05:43,2020-10-15 18:17:24,0,209.161.89.177,9,701,0,2020-10-16 17:47:28,R_0V8qyTOSNLPpJAZ,,,,,,,anonymous,EN,,,,Noah,,1,2,1,1,,,,,,,,,,,,,,,,,,,,,,,,,,,,,,,,,,,,,,,,,,,,,,,,1,1
2020-10-15 19:07:41,2020-10-15 19:07:57,0,98.212.214.93,36,15,0,2020-10-16 17:47:28,R_2t3X8ZVLL8v1xhz,,,,,,,anonymous,EN,,,,,James,,,,,,,,,,,,,,,,,,,,,,,,,,,,,,,,,,,,,,,,,,,,,,,,,,,,2,1
2020-10-15 18:08:46,2020-10-15 18:10:49,0,99.58.42.214,47,123,0,2020-10-16 17:47:28,R_2CljbKQwsmGHSQK,,,,,,,anonymous,EN,,,,,James,,,,,,,,,,,,,,,,,2,1,1,2,4,Alex fertilizes the Bourbon,4,3,2,1,1,2,,,,,,,,,,,,,,,,,,,,,,,,2,1
2020-10-15 18:08:26,2020-10-15 18:16:46,0,103.90.159.164,85,499,0,2020-10-16 17:47:39,R_ey6SbFj8bzHXRPb,,,,,,,anonymous,EN,,Benjamin,,,,,,,,,,,,,,,,,,,,,,,,,,,,,,,,,,,,,,,,,,,,1,2,1,1,,,,,,,,3,2
2020-10-15 18:18:11,2020-10-15 18:18:52,0,117.213.37.146,9,41,0,2020-10-16 17:47:39,R_3Gp1PjFLGLAD43Z,,,,,,,anonymous,EN,Emma,,,,,1,1,1,2,,,,,,,,,,,,,,,,,,,,,,,,,,,,,,,,,,,,,,,,,,,,,,,,1,1
2020-10-15 18:47:08,2020-10-15 18:49:26,0,103.242.238.29,55,138,0,2020-10-16 17:47:39,R_1LiGUGRnTHS4bsH,,,,,,,anonymous,EN,Emma,,,,,,,,,,,,,,,,,,,,,,,,,,,,,1,1,1,2,,,,,,,,,,,,,,,,,,,,,,,,2,2
2020-10-15 18:39:45,2020-10-15 18:59:25,0,103.154.35.28,55,1179,0,2020-10-16 17:47:39,R_31dgO6qGpOEGNXa,,,,,,,anonymous,EN,,,,Noah,,,,,,,,,,,,,,,,,,,,,,,,,,1,2,2,1,,,,,,,,,,,,,,,,,,,,,,,,2,2
2020-10-15 18:47:06,2020-10-15 18:50:39,0,220.158.140.61,4,212,0,2020-10-16 17:47:39,R_3qjmhZJnEMhEnqm,,,,,,,anonymous,EN,,Benjamin,,,,,,,,,,,,,,,,,,,,,,,,,,,,,,,,,,,,,,,,,,,,,,,,,,,,,,,,
2020-10-15 19:34:18,2020-10-15 19:50:14,0,117.213.36.34,13,955,0,2020-10-16 17:47:39,R_1kIgeWE419Astvb,,,,,,,anonymous,EN,,"Benjamin ",,,,1,1,4,1,6,"the drugs can help with the patient ",6,5,,,,,,,,,,,,,,,,,,,,,,,,,,,,,,,,,,,,,,,,,,,,1,1
